[INFO] Scanning for projects...
[INFO] 
[INFO] -----------------------< fr.stockshop:stock-api >-----------------------
[INFO] Building  0.0.1-SNAPSHOT
[INFO]   from pom.xml
[INFO] --------------------------------[ jar ]---------------------------------
[INFO] 
[INFO] --- clean:3.5.0:clean (default-clean) @ stock-api ---
[INFO] Deleting C:\Users\juill\Desktop\stock-api\target
[INFO] 
[INFO] --- jacoco:0.8.13:prepare-agent (prepare-agent) @ stock-api ---
[INFO] argLine set to -javaagent:C:\\Users\\juill\\.m2\\repository\\org\\jacoco\\org.jacoco.agent\\0.8.13\\org.jacoco.agent-0.8.13-runtime.jar=destfile=C:\\Users\\juill\\Desktop\\stock-api\\target\\jacoco.exec
[INFO] 
[INFO] --- resources:3.3.1:resources (default-resources) @ stock-api ---
[INFO] Copying 4 resources from src\main\resources to target\classes
[INFO] Copying 10 resources from src\main\resources to target\classes
[INFO] 
[INFO] --- compiler:3.14.1:compile (default-compile) @ stock-api ---
[INFO] Recompiling the module because of changed source code.
[INFO] Compiling 44 source files with javac [debug parameters release 25] to target\classes
[INFO] /C:/Users/juill/Desktop/stock-api/src/main/java/fr/stockshop/stock_api/security/RequestLocaleFilter.java: Some input files use or override a deprecated API.
[INFO] /C:/Users/juill/Desktop/stock-api/src/main/java/fr/stockshop/stock_api/security/RequestLocaleFilter.java: Recompile with -Xlint:deprecation for details.
[INFO] 
[INFO] --- resources:3.3.1:testResources (default-testResources) @ stock-api ---
[INFO] skip non existing resourceDirectory C:\Users\juill\Desktop\stock-api\src\test\resources
[INFO] 
[INFO] --- compiler:3.14.1:testCompile (default-testCompile) @ stock-api ---
[INFO] Recompiling the module because of changed dependency.
[INFO] Compiling 11 source files with javac [debug parameters release 25] to target\test-classes
[INFO] 
[INFO] --- surefire:3.5.6:test (default-test) @ stock-api ---
[INFO] Using auto detected provider org.apache.maven.surefire.junitplatform.JUnitPlatformProvider
[INFO] 
[INFO] -------------------------------------------------------
[INFO]  T E S T S
[INFO] -------------------------------------------------------
[INFO] Running fr.stockshop.stock_api.mail.EmailServiceFailureTest
10:23:06.625 [main] ERROR fr.stockshop.stock_api.mail.EmailService -- ╔chec de l'envoi de l'email 'email/account-confirmation' Ó user@test.fr
org.springframework.mail.MailSendException: erreur de rendu simulee
	at org.thymeleaf.TemplateEngine.process(TemplateEngine.java:1053)
	at fr.stockshop.stock_api.mail.EmailService.send(EmailService.java:107)
	at fr.stockshop.stock_api.mail.EmailService.sendAccountConfirmationEmail(EmailService.java:74)
	at fr.stockshop.stock_api.mail.EmailServiceFailureTest.lambda$sendShouldNotThrowWhenTemplateRenderingFails$0(EmailServiceFailureTest.java:77)
	at org.assertj.core.api.ThrowableAssert.catchThrowable(ThrowableAssert.java:66)
	at org.assertj.core.api.AssertionsForClassTypes.catchThrowable(AssertionsForClassTypes.java:908)
	at org.assertj.core.api.AssertionsForClassTypes.assertThatCode(AssertionsForClassTypes.java:879)
	at org.assertj.core.api.Assertions.assertThatCode(Assertions.java:1396)
	at fr.stockshop.stock_api.mail.EmailServiceFailureTest.sendShouldNotThrowWhenTemplateRenderingFails(EmailServiceFailureTest.java:77)
	at java.base/jdk.internal.reflect.DirectMethodHandleAccessor.invoke(DirectMethodHandleAccessor.java:104)
	at java.base/java.lang.reflect.Method.invoke(Method.java:565)
	at org.junit.platform.commons.util.ReflectionUtils.invokeMethod(ReflectionUtils.java:701)
	at org.junit.platform.commons.support.ReflectionSupport.invokeMethod(ReflectionSupport.java:502)
	at org.junit.jupiter.engine.support.MethodReflectionUtils.invoke(MethodReflectionUtils.java:45)
	at org.junit.jupiter.engine.execution.MethodInvocation.proceed(MethodInvocation.java:61)
	at org.junit.jupiter.engine.execution.InvocationInterceptorChain$ValidatingInvocation.proceed(InvocationInterceptorChain.java:124)
	at org.junit.jupiter.engine.extension.TimeoutExtension.intercept(TimeoutExtension.java:163)
	at org.junit.jupiter.engine.extension.TimeoutExtension.interceptTestableMethod(TimeoutExtension.java:148)
	at org.junit.jupiter.engine.extension.TimeoutExtension.interceptTestMethod(TimeoutExtension.java:86)
	at org.junit.jupiter.engine.execution.InterceptingExecutableInvoker$ReflectiveInterceptorCall.lambda$ofVoidMethod$0(InterceptingExecutableInvoker.java:123)
	at org.junit.jupiter.engine.execution.InterceptingExecutableInvoker.lambda$invoke$0(InterceptingExecutableInvoker.java:105)
	at org.junit.jupiter.engine.execution.InvocationInterceptorChain$InterceptedInvocation.proceed(InvocationInterceptorChain.java:99)
	at org.junit.jupiter.engine.execution.InvocationInterceptorChain.proceed(InvocationInterceptorChain.java:66)
	at org.junit.jupiter.engine.execution.InvocationInterceptorChain.chainAndInvoke(InvocationInterceptorChain.java:47)
	at org.junit.jupiter.engine.execution.InvocationInterceptorChain.invoke(InvocationInterceptorChain.java:39)
	at org.junit.jupiter.engine.execution.InterceptingExecutableInvoker.invoke(InterceptingExecutableInvoker.java:104)
	at org.junit.jupiter.engine.execution.InterceptingExecutableInvoker.invoke(InterceptingExecutableInvoker.java:98)
	at org.junit.jupiter.engine.execution.InterceptingExecutableInvoker.invokeVoid(InterceptingExecutableInvoker.java:71)
	at org.junit.jupiter.engine.descriptor.TestMethodTestDescriptor.lambda$invokeTestMethod$0(TestMethodTestDescriptor.java:219)
	at org.junit.platform.engine.support.hierarchical.ThrowableCollector.execute(ThrowableCollector.java:74)
	at org.junit.jupiter.engine.descriptor.TestMethodTestDescriptor.invokeTestMethod(TestMethodTestDescriptor.java:215)
	at org.junit.jupiter.engine.descriptor.TestMethodTestDescriptor.execute(TestMethodTestDescriptor.java:157)
	at org.junit.jupiter.engine.descriptor.TestMethodTestDescriptor.execute(TestMethodTestDescriptor.java:70)
	at org.junit.platform.engine.support.hierarchical.NodeTestTask.lambda$executeRecursively$2(NodeTestTask.java:176)
	at org.junit.platform.engine.support.hierarchical.ThrowableCollector.execute(ThrowableCollector.java:74)
	at org.junit.platform.engine.support.hierarchical.NodeTestTask.lambda$executeRecursively$1(NodeTestTask.java:166)
	at org.junit.platform.engine.support.hierarchical.Node.around(Node.java:138)
	at org.junit.platform.engine.support.hierarchical.NodeTestTask.lambda$executeRecursively$0(NodeTestTask.java:164)
	at org.junit.platform.engine.support.hierarchical.ThrowableCollector.execute(ThrowableCollector.java:74)
	at org.junit.platform.engine.support.hierarchical.NodeTestTask.executeRecursively(NodeTestTask.java:163)
	at org.junit.platform.engine.support.hierarchical.NodeTestTask.execute(NodeTestTask.java:116)
	at java.base/java.util.ArrayList.forEach(ArrayList.java:1604)
	at org.junit.platform.engine.support.hierarchical.SameThreadHierarchicalTestExecutorService.invokeAll(SameThreadHierarchicalTestExecutorService.java:42)
	at org.junit.platform.engine.support.hierarchical.NodeTestTask.lambda$executeRecursively$2(NodeTestTask.java:180)
	at org.junit.platform.engine.support.hierarchical.ThrowableCollector.execute(ThrowableCollector.java:74)
	at org.junit.platform.engine.support.hierarchical.NodeTestTask.lambda$executeRecursively$1(NodeTestTask.java:166)
	at org.junit.platform.engine.support.hierarchical.Node.around(Node.java:138)
	at org.junit.platform.engine.support.hierarchical.NodeTestTask.lambda$executeRecursively$0(NodeTestTask.java:164)
	at org.junit.platform.engine.support.hierarchical.ThrowableCollector.execute(ThrowableCollector.java:74)
	at org.junit.platform.engine.support.hierarchical.NodeTestTask.executeRecursively(NodeTestTask.java:163)
	at org.junit.platform.engine.support.hierarchical.NodeTestTask.execute(NodeTestTask.java:116)
	at java.base/java.util.ArrayList.forEach(ArrayList.java:1604)
	at org.junit.platform.engine.support.hierarchical.SameThreadHierarchicalTestExecutorService.invokeAll(SameThreadHierarchicalTestExecutorService.java:42)
	at org.junit.platform.engine.support.hierarchical.NodeTestTask.lambda$executeRecursively$2(NodeTestTask.java:180)
	at org.junit.platform.engine.support.hierarchical.ThrowableCollector.execute(ThrowableCollector.java:74)
	at org.junit.platform.engine.support.hierarchical.NodeTestTask.lambda$executeRecursively$1(NodeTestTask.java:166)
	at org.junit.platform.engine.support.hierarchical.Node.around(Node.java:138)
	at org.junit.platform.engine.support.hierarchical.NodeTestTask.lambda$executeRecursively$0(NodeTestTask.java:164)
	at org.junit.platform.engine.support.hierarchical.ThrowableCollector.execute(ThrowableCollector.java:74)
	at org.junit.platform.engine.support.hierarchical.NodeTestTask.executeRecursively(NodeTestTask.java:163)
	at org.junit.platform.engine.support.hierarchical.NodeTestTask.execute(NodeTestTask.java:116)
	at org.junit.platform.engine.support.hierarchical.SameThreadHierarchicalTestExecutorService.submit(SameThreadHierarchicalTestExecutorService.java:36)
	at org.junit.platform.engine.support.hierarchical.HierarchicalTestExecutor.execute(HierarchicalTestExecutor.java:52)
	at org.junit.platform.engine.support.hierarchical.HierarchicalTestEngine.execute(HierarchicalTestEngine.java:58)
	at org.junit.platform.launcher.core.EngineExecutionOrchestrator.executeEngine(EngineExecutionOrchestrator.java:246)
	at org.junit.platform.launcher.core.EngineExecutionOrchestrator.failOrExecuteEngine(EngineExecutionOrchestrator.java:218)
	at org.junit.platform.launcher.core.EngineExecutionOrchestrator.execute(EngineExecutionOrchestrator.java:179)
	at org.junit.platform.launcher.core.EngineExecutionOrchestrator.execute(EngineExecutionOrchestrator.java:108)
	at org.junit.platform.launcher.core.EngineExecutionOrchestrator.lambda$execute$0(EngineExecutionOrchestrator.java:66)
	at org.junit.platform.launcher.core.EngineExecutionOrchestrator.withInterceptedStreams(EngineExecutionOrchestrator.java:157)
	at org.junit.platform.launcher.core.EngineExecutionOrchestrator.execute(EngineExecutionOrchestrator.java:65)
	at org.junit.platform.launcher.core.DefaultLauncher.execute(DefaultLauncher.java:125)
	at org.junit.platform.launcher.core.DefaultLauncher.execute(DefaultLauncher.java:114)
	at org.junit.platform.launcher.core.DelegatingLauncher.execute(DelegatingLauncher.java:58)
	at org.junit.platform.launcher.core.InterceptingLauncher.lambda$execute$2(InterceptingLauncher.java:57)
	at org.junit.platform.launcher.core.ClasspathAlignmentCheckingLauncherInterceptor.intercept(ClasspathAlignmentCheckingLauncherInterceptor.java:25)
	at org.junit.platform.launcher.core.InterceptingLauncher.execute(InterceptingLauncher.java:56)
	at org.junit.platform.launcher.core.DelegatingLauncher.execute(DelegatingLauncher.java:58)
	at java.base/jdk.internal.reflect.DirectMethodHandleAccessor.invoke(DirectMethodHandleAccessor.java:104)
	at java.base/java.lang.reflect.Method.invoke(Method.java:565)
	at org.apache.maven.surefire.api.util.ReflectionUtils.invokeMethodWithArray(ReflectionUtils.java:125)
	at org.apache.maven.surefire.junitplatform.LauncherAdapter.executeWithCancellationToken(LauncherAdapter.java:68)
	at org.apache.maven.surefire.junitplatform.LauncherAdapter.execute(LauncherAdapter.java:54)
	at org.apache.maven.surefire.junitplatform.JUnitPlatformProvider.execute(JUnitPlatformProvider.java:203)
	at org.apache.maven.surefire.junitplatform.JUnitPlatformProvider.invokeAllTests(JUnitPlatformProvider.java:168)
	at org.apache.maven.surefire.junitplatform.JUnitPlatformProvider.invoke(JUnitPlatformProvider.java:136)
	at org.apache.maven.surefire.booter.ForkedBooter.runSuitesInProcess(ForkedBooter.java:385)
	at org.apache.maven.surefire.booter.ForkedBooter.execute(ForkedBooter.java:162)
	at org.apache.maven.surefire.booter.ForkedBooter.run(ForkedBooter.java:507)
	at org.apache.maven.surefire.booter.ForkedBooter.main(ForkedBooter.java:495)
10:23:06.762 [main] ERROR fr.stockshop.stock_api.mail.EmailService -- ╔chec de l'envoi de l'email 'email/reset-password' Ó user@test.fr
org.springframework.mail.MailSendException: Mail server connection failed. Failed messages: org.eclipse.angus.mail.util.MailConnectException: Couldn't connect to host, port: host-injoignable.invalid, 2525; timeout -1;
  nested exception is:
	java.net.UnknownHostException: host-injoignable.invalid; message exceptions (1) are:
Failed message 1: org.eclipse.angus.mail.util.MailConnectException: Couldn't connect to host, port: host-injoignable.invalid, 2525; timeout -1;
  nested exception is:
	java.net.UnknownHostException: host-injoignable.invalid
	at org.springframework.mail.javamail.JavaMailSenderImpl.doSend(JavaMailSenderImpl.java:397)
	at org.springframework.mail.javamail.JavaMailSenderImpl.send(JavaMailSenderImpl.java:337)
	at org.springframework.mail.javamail.JavaMailSender.send(JavaMailSender.java:101)
	at fr.stockshop.stock_api.mail.EmailService.send(EmailService.java:109)
	at fr.stockshop.stock_api.mail.EmailService.sendPasswordResetEmail(EmailService.java:87)
	at fr.stockshop.stock_api.mail.EmailServiceFailureTest.lambda$sendPasswordResetEmailShouldNotThrowWhenSmtpIsUnreachable$0(EmailServiceFailureTest.java:67)
	at org.assertj.core.api.ThrowableAssert.catchThrowable(ThrowableAssert.java:66)
	at org.assertj.core.api.AssertionsForClassTypes.catchThrowable(AssertionsForClassTypes.java:908)
	at org.assertj.core.api.AssertionsForClassTypes.assertThatCode(AssertionsForClassTypes.java:879)
	at org.assertj.core.api.Assertions.assertThatCode(Assertions.java:1396)
	at fr.stockshop.stock_api.mail.EmailServiceFailureTest.sendPasswordResetEmailShouldNotThrowWhenSmtpIsUnreachable(EmailServiceFailureTest.java:67)
	at java.base/jdk.internal.reflect.DirectMethodHandleAccessor.invoke(DirectMethodHandleAccessor.java:104)
	at java.base/java.lang.reflect.Method.invoke(Method.java:565)
	at org.junit.platform.commons.util.ReflectionUtils.invokeMethod(ReflectionUtils.java:701)
	at org.junit.platform.commons.support.ReflectionSupport.invokeMethod(ReflectionSupport.java:502)
	at org.junit.jupiter.engine.support.MethodReflectionUtils.invoke(MethodReflectionUtils.java:45)
	at org.junit.jupiter.engine.execution.MethodInvocation.proceed(MethodInvocation.java:61)
	at org.junit.jupiter.engine.execution.InvocationInterceptorChain$ValidatingInvocation.proceed(InvocationInterceptorChain.java:124)
	at org.junit.jupiter.engine.extension.TimeoutExtension.intercept(TimeoutExtension.java:163)
	at org.junit.jupiter.engine.extension.TimeoutExtension.interceptTestableMethod(TimeoutExtension.java:148)
	at org.junit.jupiter.engine.extension.TimeoutExtension.interceptTestMethod(TimeoutExtension.java:86)
	at org.junit.jupiter.engine.execution.InterceptingExecutableInvoker$ReflectiveInterceptorCall.lambda$ofVoidMethod$0(InterceptingExecutableInvoker.java:123)
	at org.junit.jupiter.engine.execution.InterceptingExecutableInvoker.lambda$invoke$0(InterceptingExecutableInvoker.java:105)
	at org.junit.jupiter.engine.execution.InvocationInterceptorChain$InterceptedInvocation.proceed(InvocationInterceptorChain.java:99)
	at org.junit.jupiter.engine.execution.InvocationInterceptorChain.proceed(InvocationInterceptorChain.java:66)
	at org.junit.jupiter.engine.execution.InvocationInterceptorChain.chainAndInvoke(InvocationInterceptorChain.java:47)
	at org.junit.jupiter.engine.execution.InvocationInterceptorChain.invoke(InvocationInterceptorChain.java:39)
	at org.junit.jupiter.engine.execution.InterceptingExecutableInvoker.invoke(InterceptingExecutableInvoker.java:104)
	at org.junit.jupiter.engine.execution.InterceptingExecutableInvoker.invoke(InterceptingExecutableInvoker.java:98)
	at org.junit.jupiter.engine.execution.InterceptingExecutableInvoker.invokeVoid(InterceptingExecutableInvoker.java:71)
	at org.junit.jupiter.engine.descriptor.TestMethodTestDescriptor.lambda$invokeTestMethod$0(TestMethodTestDescriptor.java:219)
	at org.junit.platform.engine.support.hierarchical.ThrowableCollector.execute(ThrowableCollector.java:74)
	at org.junit.jupiter.engine.descriptor.TestMethodTestDescriptor.invokeTestMethod(TestMethodTestDescriptor.java:215)
	at org.junit.jupiter.engine.descriptor.TestMethodTestDescriptor.execute(TestMethodTestDescriptor.java:157)
	at org.junit.jupiter.engine.descriptor.TestMethodTestDescriptor.execute(TestMethodTestDescriptor.java:70)
	at org.junit.platform.engine.support.hierarchical.NodeTestTask.lambda$executeRecursively$2(NodeTestTask.java:176)
	at org.junit.platform.engine.support.hierarchical.ThrowableCollector.execute(ThrowableCollector.java:74)
	at org.junit.platform.engine.support.hierarchical.NodeTestTask.lambda$executeRecursively$1(NodeTestTask.java:166)
	at org.junit.platform.engine.support.hierarchical.Node.around(Node.java:138)
	at org.junit.platform.engine.support.hierarchical.NodeTestTask.lambda$executeRecursively$0(NodeTestTask.java:164)
	at org.junit.platform.engine.support.hierarchical.ThrowableCollector.execute(ThrowableCollector.java:74)
	at org.junit.platform.engine.support.hierarchical.NodeTestTask.executeRecursively(NodeTestTask.java:163)
	at org.junit.platform.engine.support.hierarchical.NodeTestTask.execute(NodeTestTask.java:116)
	at java.base/java.util.ArrayList.forEach(ArrayList.java:1604)
	at org.junit.platform.engine.support.hierarchical.SameThreadHierarchicalTestExecutorService.invokeAll(SameThreadHierarchicalTestExecutorService.java:42)
	at org.junit.platform.engine.support.hierarchical.NodeTestTask.lambda$executeRecursively$2(NodeTestTask.java:180)
	at org.junit.platform.engine.support.hierarchical.ThrowableCollector.execute(ThrowableCollector.java:74)
	at org.junit.platform.engine.support.hierarchical.NodeTestTask.lambda$executeRecursively$1(NodeTestTask.java:166)
	at org.junit.platform.engine.support.hierarchical.Node.around(Node.java:138)
	at org.junit.platform.engine.support.hierarchical.NodeTestTask.lambda$executeRecursively$0(NodeTestTask.java:164)
	at org.junit.platform.engine.support.hierarchical.ThrowableCollector.execute(ThrowableCollector.java:74)
	at org.junit.platform.engine.support.hierarchical.NodeTestTask.executeRecursively(NodeTestTask.java:163)
	at org.junit.platform.engine.support.hierarchical.NodeTestTask.execute(NodeTestTask.java:116)
	at java.base/java.util.ArrayList.forEach(ArrayList.java:1604)
	at org.junit.platform.engine.support.hierarchical.SameThreadHierarchicalTestExecutorService.invokeAll(SameThreadHierarchicalTestExecutorService.java:42)
	at org.junit.platform.engine.support.hierarchical.NodeTestTask.lambda$executeRecursively$2(NodeTestTask.java:180)
	at org.junit.platform.engine.support.hierarchical.ThrowableCollector.execute(ThrowableCollector.java:74)
	at org.junit.platform.engine.support.hierarchical.NodeTestTask.lambda$executeRecursively$1(NodeTestTask.java:166)
	at org.junit.platform.engine.support.hierarchical.Node.around(Node.java:138)
	at org.junit.platform.engine.support.hierarchical.NodeTestTask.lambda$executeRecursively$0(NodeTestTask.java:164)
	at org.junit.platform.engine.support.hierarchical.ThrowableCollector.execute(ThrowableCollector.java:74)
	at org.junit.platform.engine.support.hierarchical.NodeTestTask.executeRecursively(NodeTestTask.java:163)
	at org.junit.platform.engine.support.hierarchical.NodeTestTask.execute(NodeTestTask.java:116)
	at org.junit.platform.engine.support.hierarchical.SameThreadHierarchicalTestExecutorService.submit(SameThreadHierarchicalTestExecutorService.java:36)
	at org.junit.platform.engine.support.hierarchical.HierarchicalTestExecutor.execute(HierarchicalTestExecutor.java:52)
	at org.junit.platform.engine.support.hierarchical.HierarchicalTestEngine.execute(HierarchicalTestEngine.java:58)
	at org.junit.platform.launcher.core.EngineExecutionOrchestrator.executeEngine(EngineExecutionOrchestrator.java:246)
	at org.junit.platform.launcher.core.EngineExecutionOrchestrator.failOrExecuteEngine(EngineExecutionOrchestrator.java:218)
	at org.junit.platform.launcher.core.EngineExecutionOrchestrator.execute(EngineExecutionOrchestrator.java:179)
	at org.junit.platform.launcher.core.EngineExecutionOrchestrator.execute(EngineExecutionOrchestrator.java:108)
	at org.junit.platform.launcher.core.EngineExecutionOrchestrator.lambda$execute$0(EngineExecutionOrchestrator.java:66)
	at org.junit.platform.launcher.core.EngineExecutionOrchestrator.withInterceptedStreams(EngineExecutionOrchestrator.java:157)
	at org.junit.platform.launcher.core.EngineExecutionOrchestrator.execute(EngineExecutionOrchestrator.java:65)
	at org.junit.platform.launcher.core.DefaultLauncher.execute(DefaultLauncher.java:125)
	at org.junit.platform.launcher.core.DefaultLauncher.execute(DefaultLauncher.java:114)
	at org.junit.platform.launcher.core.DelegatingLauncher.execute(DelegatingLauncher.java:58)
	at org.junit.platform.launcher.core.InterceptingLauncher.lambda$execute$2(InterceptingLauncher.java:57)
	at org.junit.platform.launcher.core.ClasspathAlignmentCheckingLauncherInterceptor.intercept(ClasspathAlignmentCheckingLauncherInterceptor.java:25)
	at org.junit.platform.launcher.core.InterceptingLauncher.execute(InterceptingLauncher.java:56)
	at org.junit.platform.launcher.core.DelegatingLauncher.execute(DelegatingLauncher.java:58)
	at java.base/jdk.internal.reflect.DirectMethodHandleAccessor.invoke(DirectMethodHandleAccessor.java:104)
	at java.base/java.lang.reflect.Method.invoke(Method.java:565)
	at org.apache.maven.surefire.api.util.ReflectionUtils.invokeMethodWithArray(ReflectionUtils.java:125)
	at org.apache.maven.surefire.junitplatform.LauncherAdapter.executeWithCancellationToken(LauncherAdapter.java:68)
	at org.apache.maven.surefire.junitplatform.LauncherAdapter.execute(LauncherAdapter.java:54)
	at org.apache.maven.surefire.junitplatform.JUnitPlatformProvider.execute(JUnitPlatformProvider.java:203)
	at org.apache.maven.surefire.junitplatform.JUnitPlatformProvider.invokeAllTests(JUnitPlatformProvider.java:168)
	at org.apache.maven.surefire.junitplatform.JUnitPlatformProvider.invoke(JUnitPlatformProvider.java:136)
	at org.apache.maven.surefire.booter.ForkedBooter.runSuitesInProcess(ForkedBooter.java:385)
	at org.apache.maven.surefire.booter.ForkedBooter.execute(ForkedBooter.java:162)
	at org.apache.maven.surefire.booter.ForkedBooter.run(ForkedBooter.java:507)
	at org.apache.maven.surefire.booter.ForkedBooter.main(ForkedBooter.java:495)
Caused by: org.eclipse.angus.mail.util.MailConnectException: Couldn't connect to host, port: host-injoignable.invalid, 2525; timeout -1;
  nested exception is:
	java.net.UnknownHostException: host-injoignable.invalid
	at org.eclipse.angus.mail.smtp.SMTPTransport.openServer(SMTPTransport.java:2243)
	at org.eclipse.angus.mail.smtp.SMTPTransport.protocolConnect(SMTPTransport.java:729)
	at jakarta.mail.Service.connect(Service.java:345)
	at org.springframework.mail.javamail.JavaMailSenderImpl.connectTransport(JavaMailSenderImpl.java:467)
	at org.springframework.mail.javamail.JavaMailSenderImpl.doSend(JavaMailSenderImpl.java:386)
	... 91 common frames omitted
Caused by: java.net.UnknownHostException: host-injoignable.invalid
	at java.base/sun.nio.ch.NioSocketImpl.connect(NioSocketImpl.java:569)
	at java.base/java.net.SocksSocketImpl.connect(SocksSocketImpl.java:284)
	at java.base/java.net.Socket.connect(Socket.java:659)
	at java.base/java.net.Socket.connect(Socket.java:597)
	at org.eclipse.angus.mail.util.SocketFetcher.createSocket(SocketFetcher.java:368)
	at org.eclipse.angus.mail.util.SocketFetcher.getSocket(SocketFetcher.java:243)
	at org.eclipse.angus.mail.smtp.SMTPTransport.openServer(SMTPTransport.java:2193)
	... 95 common frames omitted
10:23:06.791 [main] ERROR fr.stockshop.stock_api.mail.EmailService -- ╔chec de l'envoi de l'email 'email/account-confirmation' Ó user@test.fr
org.springframework.mail.MailSendException: Mail server connection failed. Failed messages: org.eclipse.angus.mail.util.MailConnectException: Couldn't connect to host, port: host-injoignable.invalid, 2525; timeout -1;
  nested exception is:
	java.net.UnknownHostException: host-injoignable.invalid; message exceptions (1) are:
Failed message 1: org.eclipse.angus.mail.util.MailConnectException: Couldn't connect to host, port: host-injoignable.invalid, 2525; timeout -1;
  nested exception is:
	java.net.UnknownHostException: host-injoignable.invalid
	at org.springframework.mail.javamail.JavaMailSenderImpl.doSend(JavaMailSenderImpl.java:397)
	at org.springframework.mail.javamail.JavaMailSenderImpl.send(JavaMailSenderImpl.java:337)
	at org.springframework.mail.javamail.JavaMailSender.send(JavaMailSender.java:101)
	at fr.stockshop.stock_api.mail.EmailService.send(EmailService.java:109)
	at fr.stockshop.stock_api.mail.EmailService.sendAccountConfirmationEmail(EmailService.java:74)
	at fr.stockshop.stock_api.mail.EmailServiceFailureTest.lambda$sendAccountConfirmationEmailShouldNotThrowWhenSmtpIsUnreachable$0(EmailServiceFailureTest.java:59)
	at org.assertj.core.api.ThrowableAssert.catchThrowable(ThrowableAssert.java:66)
	at org.assertj.core.api.AssertionsForClassTypes.catchThrowable(AssertionsForClassTypes.java:908)
	at org.assertj.core.api.AssertionsForClassTypes.assertThatCode(AssertionsForClassTypes.java:879)
	at org.assertj.core.api.Assertions.assertThatCode(Assertions.java:1396)
	at fr.stockshop.stock_api.mail.EmailServiceFailureTest.sendAccountConfirmationEmailShouldNotThrowWhenSmtpIsUnreachable(EmailServiceFailureTest.java:59)
	at java.base/jdk.internal.reflect.DirectMethodHandleAccessor.invoke(DirectMethodHandleAccessor.java:104)
	at java.base/java.lang.reflect.Method.invoke(Method.java:565)
	at org.junit.platform.commons.util.ReflectionUtils.invokeMethod(ReflectionUtils.java:701)
	at org.junit.platform.commons.support.ReflectionSupport.invokeMethod(ReflectionSupport.java:502)
	at org.junit.jupiter.engine.support.MethodReflectionUtils.invoke(MethodReflectionUtils.java:45)
	at org.junit.jupiter.engine.execution.MethodInvocation.proceed(MethodInvocation.java:61)
	at org.junit.jupiter.engine.execution.InvocationInterceptorChain$ValidatingInvocation.proceed(InvocationInterceptorChain.java:124)
	at org.junit.jupiter.engine.extension.TimeoutExtension.intercept(TimeoutExtension.java:163)
	at org.junit.jupiter.engine.extension.TimeoutExtension.interceptTestableMethod(TimeoutExtension.java:148)
	at org.junit.jupiter.engine.extension.TimeoutExtension.interceptTestMethod(TimeoutExtension.java:86)
	at org.junit.jupiter.engine.execution.InterceptingExecutableInvoker$ReflectiveInterceptorCall.lambda$ofVoidMethod$0(InterceptingExecutableInvoker.java:123)
	at org.junit.jupiter.engine.execution.InterceptingExecutableInvoker.lambda$invoke$0(InterceptingExecutableInvoker.java:105)
	at org.junit.jupiter.engine.execution.InvocationInterceptorChain$InterceptedInvocation.proceed(InvocationInterceptorChain.java:99)
	at org.junit.jupiter.engine.execution.InvocationInterceptorChain.proceed(InvocationInterceptorChain.java:66)
	at org.junit.jupiter.engine.execution.InvocationInterceptorChain.chainAndInvoke(InvocationInterceptorChain.java:47)
	at org.junit.jupiter.engine.execution.InvocationInterceptorChain.invoke(InvocationInterceptorChain.java:39)
	at org.junit.jupiter.engine.execution.InterceptingExecutableInvoker.invoke(InterceptingExecutableInvoker.java:104)
	at org.junit.jupiter.engine.execution.InterceptingExecutableInvoker.invoke(InterceptingExecutableInvoker.java:98)
	at org.junit.jupiter.engine.execution.InterceptingExecutableInvoker.invokeVoid(InterceptingExecutableInvoker.java:71)
	at org.junit.jupiter.engine.descriptor.TestMethodTestDescriptor.lambda$invokeTestMethod$0(TestMethodTestDescriptor.java:219)
	at org.junit.platform.engine.support.hierarchical.ThrowableCollector.execute(ThrowableCollector.java:74)
	at org.junit.jupiter.engine.descriptor.TestMethodTestDescriptor.invokeTestMethod(TestMethodTestDescriptor.java:215)
	at org.junit.jupiter.engine.descriptor.TestMethodTestDescriptor.execute(TestMethodTestDescriptor.java:157)
	at org.junit.jupiter.engine.descriptor.TestMethodTestDescriptor.execute(TestMethodTestDescriptor.java:70)
	at org.junit.platform.engine.support.hierarchical.NodeTestTask.lambda$executeRecursively$2(NodeTestTask.java:176)
	at org.junit.platform.engine.support.hierarchical.ThrowableCollector.execute(ThrowableCollector.java:74)
	at org.junit.platform.engine.support.hierarchical.NodeTestTask.lambda$executeRecursively$1(NodeTestTask.java:166)
	at org.junit.platform.engine.support.hierarchical.Node.around(Node.java:138)
	at org.junit.platform.engine.support.hierarchical.NodeTestTask.lambda$executeRecursively$0(NodeTestTask.java:164)
	at org.junit.platform.engine.support.hierarchical.ThrowableCollector.execute(ThrowableCollector.java:74)
	at org.junit.platform.engine.support.hierarchical.NodeTestTask.executeRecursively(NodeTestTask.java:163)
	at org.junit.platform.engine.support.hierarchical.NodeTestTask.execute(NodeTestTask.java:116)
	at java.base/java.util.ArrayList.forEach(ArrayList.java:1604)
	at org.junit.platform.engine.support.hierarchical.SameThreadHierarchicalTestExecutorService.invokeAll(SameThreadHierarchicalTestExecutorService.java:42)
	at org.junit.platform.engine.support.hierarchical.NodeTestTask.lambda$executeRecursively$2(NodeTestTask.java:180)
	at org.junit.platform.engine.support.hierarchical.ThrowableCollector.execute(ThrowableCollector.java:74)
	at org.junit.platform.engine.support.hierarchical.NodeTestTask.lambda$executeRecursively$1(NodeTestTask.java:166)
	at org.junit.platform.engine.support.hierarchical.Node.around(Node.java:138)
	at org.junit.platform.engine.support.hierarchical.NodeTestTask.lambda$executeRecursively$0(NodeTestTask.java:164)
	at org.junit.platform.engine.support.hierarchical.ThrowableCollector.execute(ThrowableCollector.java:74)
	at org.junit.platform.engine.support.hierarchical.NodeTestTask.executeRecursively(NodeTestTask.java:163)
	at org.junit.platform.engine.support.hierarchical.NodeTestTask.execute(NodeTestTask.java:116)
	at java.base/java.util.ArrayList.forEach(ArrayList.java:1604)
	at org.junit.platform.engine.support.hierarchical.SameThreadHierarchicalTestExecutorService.invokeAll(SameThreadHierarchicalTestExecutorService.java:42)
	at org.junit.platform.engine.support.hierarchical.NodeTestTask.lambda$executeRecursively$2(NodeTestTask.java:180)
	at org.junit.platform.engine.support.hierarchical.ThrowableCollector.execute(ThrowableCollector.java:74)
	at org.junit.platform.engine.support.hierarchical.NodeTestTask.lambda$executeRecursively$1(NodeTestTask.java:166)
	at org.junit.platform.engine.support.hierarchical.Node.around(Node.java:138)
	at org.junit.platform.engine.support.hierarchical.NodeTestTask.lambda$executeRecursively$0(NodeTestTask.java:164)
	at org.junit.platform.engine.support.hierarchical.ThrowableCollector.execute(ThrowableCollector.java:74)
	at org.junit.platform.engine.support.hierarchical.NodeTestTask.executeRecursively(NodeTestTask.java:163)
	at org.junit.platform.engine.support.hierarchical.NodeTestTask.execute(NodeTestTask.java:116)
	at org.junit.platform.engine.support.hierarchical.SameThreadHierarchicalTestExecutorService.submit(SameThreadHierarchicalTestExecutorService.java:36)
	at org.junit.platform.engine.support.hierarchical.HierarchicalTestExecutor.execute(HierarchicalTestExecutor.java:52)
	at org.junit.platform.engine.support.hierarchical.HierarchicalTestEngine.execute(HierarchicalTestEngine.java:58)
	at org.junit.platform.launcher.core.EngineExecutionOrchestrator.executeEngine(EngineExecutionOrchestrator.java:246)
	at org.junit.platform.launcher.core.EngineExecutionOrchestrator.failOrExecuteEngine(EngineExecutionOrchestrator.java:218)
	at org.junit.platform.launcher.core.EngineExecutionOrchestrator.execute(EngineExecutionOrchestrator.java:179)
	at org.junit.platform.launcher.core.EngineExecutionOrchestrator.execute(EngineExecutionOrchestrator.java:108)
	at org.junit.platform.launcher.core.EngineExecutionOrchestrator.lambda$execute$0(EngineExecutionOrchestrator.java:66)
	at org.junit.platform.launcher.core.EngineExecutionOrchestrator.withInterceptedStreams(EngineExecutionOrchestrator.java:157)
	at org.junit.platform.launcher.core.EngineExecutionOrchestrator.execute(EngineExecutionOrchestrator.java:65)
	at org.junit.platform.launcher.core.DefaultLauncher.execute(DefaultLauncher.java:125)
	at org.junit.platform.launcher.core.DefaultLauncher.execute(DefaultLauncher.java:114)
	at org.junit.platform.launcher.core.DelegatingLauncher.execute(DelegatingLauncher.java:58)
	at org.junit.platform.launcher.core.InterceptingLauncher.lambda$execute$2(InterceptingLauncher.java:57)
	at org.junit.platform.launcher.core.ClasspathAlignmentCheckingLauncherInterceptor.intercept(ClasspathAlignmentCheckingLauncherInterceptor.java:25)
	at org.junit.platform.launcher.core.InterceptingLauncher.execute(InterceptingLauncher.java:56)
	at org.junit.platform.launcher.core.DelegatingLauncher.execute(DelegatingLauncher.java:58)
	at java.base/jdk.internal.reflect.DirectMethodHandleAccessor.invoke(DirectMethodHandleAccessor.java:104)
	at java.base/java.lang.reflect.Method.invoke(Method.java:565)
	at org.apache.maven.surefire.api.util.ReflectionUtils.invokeMethodWithArray(ReflectionUtils.java:125)
	at org.apache.maven.surefire.junitplatform.LauncherAdapter.executeWithCancellationToken(LauncherAdapter.java:68)
	at org.apache.maven.surefire.junitplatform.LauncherAdapter.execute(LauncherAdapter.java:54)
	at org.apache.maven.surefire.junitplatform.JUnitPlatformProvider.execute(JUnitPlatformProvider.java:203)
	at org.apache.maven.surefire.junitplatform.JUnitPlatformProvider.invokeAllTests(JUnitPlatformProvider.java:168)
	at org.apache.maven.surefire.junitplatform.JUnitPlatformProvider.invoke(JUnitPlatformProvider.java:136)
	at org.apache.maven.surefire.booter.ForkedBooter.runSuitesInProcess(ForkedBooter.java:385)
	at org.apache.maven.surefire.booter.ForkedBooter.execute(ForkedBooter.java:162)
	at org.apache.maven.surefire.booter.ForkedBooter.run(ForkedBooter.java:507)
	at org.apache.maven.surefire.booter.ForkedBooter.main(ForkedBooter.java:495)
Caused by: org.eclipse.angus.mail.util.MailConnectException: Couldn't connect to host, port: host-injoignable.invalid, 2525; timeout -1;
  nested exception is:
	java.net.UnknownHostException: host-injoignable.invalid
	at org.eclipse.angus.mail.smtp.SMTPTransport.openServer(SMTPTransport.java:2243)
	at org.eclipse.angus.mail.smtp.SMTPTransport.protocolConnect(SMTPTransport.java:729)
	at jakarta.mail.Service.connect(Service.java:345)
	at org.springframework.mail.javamail.JavaMailSenderImpl.connectTransport(JavaMailSenderImpl.java:467)
	at org.springframework.mail.javamail.JavaMailSenderImpl.doSend(JavaMailSenderImpl.java:386)
	... 91 common frames omitted
Caused by: java.net.UnknownHostException: host-injoignable.invalid
	at java.base/sun.nio.ch.NioSocketImpl.connect(NioSocketImpl.java:569)
	at java.base/java.net.SocksSocketImpl.connect(SocksSocketImpl.java:284)
	at java.base/java.net.Socket.connect(Socket.java:659)
	at java.base/java.net.Socket.connect(Socket.java:597)
	at org.eclipse.angus.mail.util.SocketFetcher.createSocket(SocketFetcher.java:368)
	at org.eclipse.angus.mail.util.SocketFetcher.getSocket(SocketFetcher.java:243)
	at org.eclipse.angus.mail.smtp.SMTPTransport.openServer(SMTPTransport.java:2193)
	... 95 common frames omitted
[INFO] Tests run: 3, Failures: 0, Errors: 0, Skipped: 0, Time elapsed: 2.093 s -- in fr.stockshop.stock_api.mail.EmailServiceFailureTest
[INFO] Running fr.stockshop.stock_api.mail.EmailServiceTest
10:23:06.961 [main] INFO org.springframework.test.context.support.AnnotationConfigContextLoaderUtils -- Could not detect default configuration classes for test class [fr.stockshop.stock_api.mail.EmailServiceTest]: EmailServiceTest does not declare any static, non-private, non-final, nested classes annotated with @Configuration.
10:23:07.193 [main] INFO org.springframework.boot.test.context.SpringBootTestContextBootstrapper -- Found @SpringBootConfiguration fr.stockshop.stock_api.StockApiApplication for test class fr.stockshop.stock_api.mail.EmailServiceTest
10:23:07.344 [main] INFO org.springframework.test.context.support.AnnotationConfigContextLoaderUtils -- Could not detect default configuration classes for test class [fr.stockshop.stock_api.mail.EmailServiceTest]: EmailServiceTest does not declare any static, non-private, non-final, nested classes annotated with @Configuration.
10:23:07.351 [main] INFO org.springframework.boot.test.context.SpringBootTestContextBootstrapper -- Found @SpringBootConfiguration fr.stockshop.stock_api.StockApiApplication for test class fr.stockshop.stock_api.mail.EmailServiceTest
10:23:07.468 [main] INFO org.springframework.boot.devtools.restart.RestartApplicationListener -- Restart disabled due to context in which it is running

  .   ____          _            __ _ _
 /\\ / ___'_ __ _ _(_)_ __  __ _ \ \ \ \
( ( )\___ | '_ | '_| | '_ \/ _` | \ \ \ \
 \\/  ___)| |_)| | | | | || (_| |  ) ) ) )
  '  |____| .__|_| |_|_| |_\__, | / / / /
 =========|_|==============|___/=/_/_/_/

 :: Spring Boot ::                (v4.0.7)

2026-07-31T10:23:08.011+02:00  INFO 15340 --- [stock-api] [           main] f.s.stock_api.mail.EmailServiceTest      : Starting EmailServiceTest using Java 25.0.1 with PID 15340 (started by juill in C:\Users\juill\Desktop\stock-api)
2026-07-31T10:23:08.013+02:00  INFO 15340 --- [stock-api] [           main] f.s.stock_api.mail.EmailServiceTest      : The following 1 profile is active: "test"
2026-07-31T10:23:10.664+02:00  INFO 15340 --- [stock-api] [           main] org.testcontainers.images.PullPolicy     : Image pull policy will be performed by: DefaultPullPolicy()
2026-07-31T10:23:10.668+02:00  INFO 15340 --- [stock-api] [           main] o.t.utility.ImageNameSubstitutor         : Image name substitution will be performed by: DefaultImageNameSubstitutor (composite of 'ConfigurationFileImageNameSubstitutor' and 'PrefixingImageNameSubstitutor')
2026-07-31T10:23:10.701+02:00  INFO 15340 --- [stock-api] [           main] org.testcontainers.DockerClientFactory   : Testcontainers version: 1.21.3
2026-07-31T10:23:11.074+02:00  INFO 15340 --- [stock-api] [           main] o.t.d.DockerClientProviderStrategy       : Loaded org.testcontainers.dockerclient.NpipeSocketClientProviderStrategy from ~/.testcontainers.properties, will try it first
2026-07-31T10:23:11.423+02:00  INFO 15340 --- [stock-api] [           main] o.t.d.DockerClientProviderStrategy       : Found Docker environment with local Npipe socket (npipe:////./pipe/docker_engine)
2026-07-31T10:23:11.425+02:00  INFO 15340 --- [stock-api] [           main] org.testcontainers.DockerClientFactory   : Docker host IP address is localhost
2026-07-31T10:23:11.451+02:00  INFO 15340 --- [stock-api] [           main] org.testcontainers.DockerClientFactory   : Connected to docker: 
  Server Version: 28.5.1
  API Version: 1.51
  Operating System: Docker Desktop
  Total Memory: 15544 MB
  Labels: 
    com.docker.desktop.address=npipe://\\.\pipe\docker_cli
2026-07-31T10:23:11.674+02:00  INFO 15340 --- [stock-api] [           main] o.t.utility.RegistryAuthLocator          : Credential helper/store (docker-credential-desktop) does not have credentials for https://index.docker.io/v1/
2026-07-31T10:23:12.295+02:00  INFO 15340 --- [stock-api] [           main] o.t.utility.RyukResourceReaper           : Ryuk started - will monitor and terminate Testcontainers containers on JVM exit
2026-07-31T10:23:12.295+02:00  INFO 15340 --- [stock-api] [           main] org.testcontainers.DockerClientFactory   : Checking the system...
2026-07-31T10:23:12.296+02:00  INFO 15340 --- [stock-api] [           main] org.testcontainers.DockerClientFactory   : ?? Docker server version should be at least 1.6.0
2026-07-31T10:23:18.457+02:00  WARN 15340 --- [stock-api] [           main] r$InitializeUserDetailsManagerConfigurer : Global AuthenticationManager configured with an AuthenticationProvider bean. UserDetailsService beans will not be used by Spring Security for automatically configuring username/password login. Consider removing the AuthenticationProvider bean. Alternatively, consider using the UserDetailsService in a manually instantiated DaoAuthenticationProvider. If the current configuration is intentional, to turn off this warning, increase the logging level of 'org.springframework.security.config.annotation.authentication.configuration.InitializeUserDetailsBeanManagerConfigurer' to ERROR
2026-07-31T10:23:19.789+02:00  INFO 15340 --- [stock-api] [           main] f.s.stock_api.mail.EmailServiceTest      : Started EmailServiceTest in 12.336 seconds (process running for 16.393)
2026-07-31T10:23:39.891+02:00 ERROR 15340 --- [stock-api] [   async-task-2] f.stockshop.stock_api.mail.EmailService  : ╔chec de l'envoi de l'email 'email/reset-password' Ó reset-ff09d4cf-5766-473e-8376-443acbe8711d@test.fr

org.springframework.mail.MailSendException: Mail server connection failed. Failed messages: jakarta.mail.MessagingException: Exception reading response;
  nested exception is:
	java.net.SocketException: Une connexion Útablie a ÚtÚ abandonnÚe par un logiciel de votre ordinateur h¶te; message exceptions (1) are:
Failed message 1: jakarta.mail.MessagingException: Exception reading response;
  nested exception is:
	java.net.SocketException: Une connexion Útablie a ÚtÚ abandonnÚe par un logiciel de votre ordinateur h¶te
	at org.springframework.mail.javamail.JavaMailSenderImpl.doSend(JavaMailSenderImpl.java:397) ~[spring-context-support-7.0.8.jar:7.0.8]
	at org.springframework.mail.javamail.JavaMailSenderImpl.send(JavaMailSenderImpl.java:337) ~[spring-context-support-7.0.8.jar:7.0.8]
	at org.springframework.mail.javamail.JavaMailSender.send(JavaMailSender.java:101) ~[spring-context-support-7.0.8.jar:7.0.8]
	at fr.stockshop.stock_api.mail.EmailService.send(EmailService.java:109) ~[classes/:na]
	at fr.stockshop.stock_api.mail.EmailService.sendPasswordResetEmail(EmailService.java:87) ~[classes/:na]
	at java.base/jdk.internal.reflect.DirectMethodHandleAccessor.invoke(DirectMethodHandleAccessor.java:104) ~[na:na]
	at java.base/java.lang.reflect.Method.invoke(Method.java:565) ~[na:na]
	at org.springframework.aop.support.AopUtils.invokeJoinpointUsingReflection(AopUtils.java:359) ~[spring-aop-7.0.8.jar:7.0.8]
	at org.springframework.aop.framework.ReflectiveMethodInvocation.invokeJoinpoint(ReflectiveMethodInvocation.java:190) ~[spring-aop-7.0.8.jar:7.0.8]
	at org.springframework.aop.framework.ReflectiveMethodInvocation.proceed(ReflectiveMethodInvocation.java:158) ~[spring-aop-7.0.8.jar:7.0.8]
	at org.springframework.aop.interceptor.AsyncExecutionInterceptor.lambda$invoke$0(AsyncExecutionInterceptor.java:112) ~[spring-aop-7.0.8.jar:7.0.8]
	at java.base/java.util.concurrent.FutureTask.run(FutureTask.java:328) ~[na:na]
	at java.base/java.util.concurrent.ThreadPoolExecutor.runWorker(ThreadPoolExecutor.java:1090) ~[na:na]
	at java.base/java.util.concurrent.ThreadPoolExecutor$Worker.run(ThreadPoolExecutor.java:614) ~[na:na]
	at java.base/java.lang.Thread.run(Thread.java:1474) ~[na:na]
Caused by: jakarta.mail.MessagingException: Exception reading response;
  nested exception is:
	java.net.SocketException: Une connexion Útablie a ÚtÚ abandonnÚe par un logiciel de votre ordinateur h¶te
	at org.eclipse.angus.mail.smtp.SMTPTransport.readServerResponse(SMTPTransport.java:2520) ~[angus-mail-2.0.5.jar:na]
	at org.eclipse.angus.mail.smtp.SMTPTransport.ehlo(SMTPTransport.java:1687) ~[angus-mail-2.0.5.jar:na]
	at org.eclipse.angus.mail.smtp.SMTPTransport.protocolConnect(SMTPTransport.java:733) ~[angus-mail-2.0.5.jar:na]
	at jakarta.mail.Service.connect(Service.java:345) ~[jakarta.mail-api-2.1.5.jar:na]
	at org.springframework.mail.javamail.JavaMailSenderImpl.connectTransport(JavaMailSenderImpl.java:467) ~[spring-context-support-7.0.8.jar:7.0.8]
	at org.springframework.mail.javamail.JavaMailSenderImpl.doSend(JavaMailSenderImpl.java:386) ~[spring-context-support-7.0.8.jar:7.0.8]
	... 14 common frames omitted
Caused by: java.net.SocketException: Une connexion Útablie a ÚtÚ abandonnÚe par un logiciel de votre ordinateur h¶te
	at java.base/sun.nio.ch.SocketDispatcher.read0(Native Method) ~[na:na]
	at java.base/sun.nio.ch.SocketDispatcher.read(SocketDispatcher.java:47) ~[na:na]
	at java.base/sun.nio.ch.NioSocketImpl.tryRead(NioSocketImpl.java:255) ~[na:na]
	at java.base/sun.nio.ch.NioSocketImpl.timedRead(NioSocketImpl.java:273) ~[na:na]
	at java.base/sun.nio.ch.NioSocketImpl.implRead(NioSocketImpl.java:302) ~[na:na]
	at java.base/sun.nio.ch.NioSocketImpl.read(NioSocketImpl.java:354) ~[na:na]
	at java.base/sun.nio.ch.NioSocketImpl$1.read(NioSocketImpl.java:798) ~[na:na]
	at java.base/java.net.Socket$SocketInputStream.implRead(Socket.java:974) ~[na:na]
	at java.base/java.net.Socket$SocketInputStream.read(Socket.java:964) ~[na:na]
	at org.eclipse.angus.mail.util.TraceInputStream.read(TraceInputStream.java:107) ~[angus-mail-2.0.5.jar:na]
	at java.base/java.io.BufferedInputStream.fill(BufferedInputStream.java:289) ~[na:na]
	at java.base/java.io.BufferedInputStream.read(BufferedInputStream.java:308) ~[na:na]
	at org.eclipse.angus.mail.util.LineInputStream.readLine(LineInputStream.java:104) ~[angus-mail-2.0.5.jar:na]
	at org.eclipse.angus.mail.smtp.SMTPTransport.readServerResponse(SMTPTransport.java:2500) ~[angus-mail-2.0.5.jar:na]
	... 19 common frames omitted

[INFO] Tests run: 2, Failures: 0, Errors: 0, Skipped: 0, Time elapsed: 43.14 s -- in fr.stockshop.stock_api.mail.EmailServiceTest
[INFO] Running fr.stockshop.stock_api.product.QuantitySeedDataTest
[INFO] Tests run: 5, Failures: 0, Errors: 0, Skipped: 0, Time elapsed: 0.153 s -- in fr.stockshop.stock_api.product.QuantitySeedDataTest
[INFO] Running fr.stockshop.stock_api.security.JwtSecurityIntegrationTest

  .   ____          _            __ _ _
 /\\ / ___'_ __ _ _(_)_ __  __ _ \ \ \ \
( ( )\___ | '_ | '_| | '_ \/ _` | \ \ \ \
 \\/  ___)| |_)| | | | | || (_| |  ) ) ) )
  '  |____| .__|_| |_|_| |_\__, | / / / /
 =========|_|==============|___/=/_/_/_/

 :: Spring Boot ::                (v4.0.7)

2026-07-31T10:23:50.219+02:00  INFO 15340 --- [stock-api] [           main] f.s.s.s.JwtSecurityIntegrationTest       : Starting JwtSecurityIntegrationTest using Java 25.0.1 with PID 15340 (started by juill in C:\Users\juill\Desktop\stock-api)
2026-07-31T10:23:50.219+02:00  INFO 15340 --- [stock-api] [           main] f.s.s.s.JwtSecurityIntegrationTest       : The following 1 profile is active: "test"
2026-07-31T10:23:53.652+02:00  WARN 15340 --- [stock-api] [           main] r$InitializeUserDetailsManagerConfigurer : Global AuthenticationManager configured with an AuthenticationProvider bean. UserDetailsService beans will not be used by Spring Security for automatically configuring username/password login. Consider removing the AuthenticationProvider bean. Alternatively, consider using the UserDetailsService in a manually instantiated DaoAuthenticationProvider. If the current configuration is intentional, to turn off this warning, increase the logging level of 'org.springframework.security.config.annotation.authentication.configuration.InitializeUserDetailsBeanManagerConfigurer' to ERROR
2026-07-31T10:23:53.940+02:00  INFO 15340 --- [stock-api] [           main] f.s.s.s.JwtSecurityIntegrationTest       : Started JwtSecurityIntegrationTest in 3.758 seconds (process running for 50.545)
2026-07-31T10:23:54.921+02:00 ERROR 15340 --- [stock-api] [   async-task-1] f.stockshop.stock_api.mail.EmailService  : ╔chec de l'envoi de l'email 'email/account-confirmation' Ó tampered-6fec8885-46dc-495f-b6a8-756ba73375a6@test.fr

org.springframework.mail.MailSendException: Mail server connection failed. Failed messages: org.eclipse.angus.mail.util.MailConnectException: Couldn't connect to host, port: 127.0.0.1, 3025; timeout 5000;
  nested exception is:
	java.net.ConnectException: Connection refused: getsockopt; message exceptions (1) are:
Failed message 1: org.eclipse.angus.mail.util.MailConnectException: Couldn't connect to host, port: 127.0.0.1, 3025; timeout 5000;
  nested exception is:
	java.net.ConnectException: Connection refused: getsockopt
	at org.springframework.mail.javamail.JavaMailSenderImpl.doSend(JavaMailSenderImpl.java:397) ~[spring-context-support-7.0.8.jar:7.0.8]
	at org.springframework.mail.javamail.JavaMailSenderImpl.send(JavaMailSenderImpl.java:337) ~[spring-context-support-7.0.8.jar:7.0.8]
	at org.springframework.mail.javamail.JavaMailSender.send(JavaMailSender.java:101) ~[spring-context-support-7.0.8.jar:7.0.8]
	at fr.stockshop.stock_api.mail.EmailService.send(EmailService.java:109) ~[classes/:na]
	at fr.stockshop.stock_api.mail.EmailService.sendAccountConfirmationEmail(EmailService.java:74) ~[classes/:na]
	at java.base/jdk.internal.reflect.DirectMethodHandleAccessor.invoke(DirectMethodHandleAccessor.java:104) ~[na:na]
	at java.base/java.lang.reflect.Method.invoke(Method.java:565) ~[na:na]
	at org.springframework.aop.support.AopUtils.invokeJoinpointUsingReflection(AopUtils.java:359) ~[spring-aop-7.0.8.jar:7.0.8]
	at org.springframework.aop.framework.ReflectiveMethodInvocation.invokeJoinpoint(ReflectiveMethodInvocation.java:190) ~[spring-aop-7.0.8.jar:7.0.8]
	at org.springframework.aop.framework.ReflectiveMethodInvocation.proceed(ReflectiveMethodInvocation.java:158) ~[spring-aop-7.0.8.jar:7.0.8]
	at org.springframework.aop.interceptor.AsyncExecutionInterceptor.lambda$invoke$0(AsyncExecutionInterceptor.java:112) ~[spring-aop-7.0.8.jar:7.0.8]
	at java.base/java.util.concurrent.FutureTask.run(FutureTask.java:328) ~[na:na]
	at java.base/java.util.concurrent.ThreadPoolExecutor.runWorker(ThreadPoolExecutor.java:1090) ~[na:na]
	at java.base/java.util.concurrent.ThreadPoolExecutor$Worker.run(ThreadPoolExecutor.java:614) ~[na:na]
	at java.base/java.lang.Thread.run(Thread.java:1474) ~[na:na]
Caused by: org.eclipse.angus.mail.util.MailConnectException: Couldn't connect to host, port: 127.0.0.1, 3025; timeout 5000;
  nested exception is:
	java.net.ConnectException: Connection refused: getsockopt
	at org.eclipse.angus.mail.smtp.SMTPTransport.openServer(SMTPTransport.java:2243) ~[angus-mail-2.0.5.jar:na]
	at org.eclipse.angus.mail.smtp.SMTPTransport.protocolConnect(SMTPTransport.java:729) ~[angus-mail-2.0.5.jar:na]
	at jakarta.mail.Service.connect(Service.java:345) ~[jakarta.mail-api-2.1.5.jar:na]
	at org.springframework.mail.javamail.JavaMailSenderImpl.connectTransport(JavaMailSenderImpl.java:467) ~[spring-context-support-7.0.8.jar:7.0.8]
	at org.springframework.mail.javamail.JavaMailSenderImpl.doSend(JavaMailSenderImpl.java:386) ~[spring-context-support-7.0.8.jar:7.0.8]
	... 14 common frames omitted
Caused by: java.net.ConnectException: Connection refused: getsockopt
	at java.base/sun.nio.ch.Net.pollConnect(Native Method) ~[na:na]
	at java.base/sun.nio.ch.Net.pollConnectNow(Net.java:639) ~[na:na]
	at java.base/sun.nio.ch.NioSocketImpl.timedFinishConnect(NioSocketImpl.java:543) ~[na:na]
	at java.base/sun.nio.ch.NioSocketImpl.connect(NioSocketImpl.java:594) ~[na:na]
	at java.base/java.net.SocksSocketImpl.connect(SocksSocketImpl.java:284) ~[na:na]
	at java.base/java.net.Socket.connect(Socket.java:659) ~[na:na]
	at org.eclipse.angus.mail.util.WriteTimeoutSocket.connect(WriteTimeoutSocket.java:118) ~[angus-mail-2.0.5.jar:na]
	at org.eclipse.angus.mail.util.SocketFetcher.createSocket(SocketFetcher.java:366) ~[angus-mail-2.0.5.jar:na]
	at org.eclipse.angus.mail.util.SocketFetcher.getSocket(SocketFetcher.java:243) ~[angus-mail-2.0.5.jar:na]
	at org.eclipse.angus.mail.smtp.SMTPTransport.openServer(SMTPTransport.java:2193) ~[angus-mail-2.0.5.jar:na]
	... 18 common frames omitted

2026-07-31T10:23:55.566+02:00 ERROR 15340 --- [stock-api] [   async-task-2] f.stockshop.stock_api.mail.EmailService  : ╔chec de l'envoi de l'email 'email/account-confirmation' Ó claims-c2feb497-09b4-49d5-82c2-f318a5eefdaa@test.fr

org.springframework.mail.MailSendException: Mail server connection failed. Failed messages: org.eclipse.angus.mail.util.MailConnectException: Couldn't connect to host, port: 127.0.0.1, 3025; timeout 5000;
  nested exception is:
	java.net.ConnectException: Connection refused: getsockopt; message exceptions (1) are:
Failed message 1: org.eclipse.angus.mail.util.MailConnectException: Couldn't connect to host, port: 127.0.0.1, 3025; timeout 5000;
  nested exception is:
	java.net.ConnectException: Connection refused: getsockopt
	at org.springframework.mail.javamail.JavaMailSenderImpl.doSend(JavaMailSenderImpl.java:397) ~[spring-context-support-7.0.8.jar:7.0.8]
	at org.springframework.mail.javamail.JavaMailSenderImpl.send(JavaMailSenderImpl.java:337) ~[spring-context-support-7.0.8.jar:7.0.8]
	at org.springframework.mail.javamail.JavaMailSender.send(JavaMailSender.java:101) ~[spring-context-support-7.0.8.jar:7.0.8]
	at fr.stockshop.stock_api.mail.EmailService.send(EmailService.java:109) ~[classes/:na]
	at fr.stockshop.stock_api.mail.EmailService.sendAccountConfirmationEmail(EmailService.java:74) ~[classes/:na]
	at java.base/jdk.internal.reflect.DirectMethodHandleAccessor.invoke(DirectMethodHandleAccessor.java:104) ~[na:na]
	at java.base/java.lang.reflect.Method.invoke(Method.java:565) ~[na:na]
	at org.springframework.aop.support.AopUtils.invokeJoinpointUsingReflection(AopUtils.java:359) ~[spring-aop-7.0.8.jar:7.0.8]
	at org.springframework.aop.framework.ReflectiveMethodInvocation.invokeJoinpoint(ReflectiveMethodInvocation.java:190) ~[spring-aop-7.0.8.jar:7.0.8]
	at org.springframework.aop.framework.ReflectiveMethodInvocation.proceed(ReflectiveMethodInvocation.java:158) ~[spring-aop-7.0.8.jar:7.0.8]
	at org.springframework.aop.interceptor.AsyncExecutionInterceptor.lambda$invoke$0(AsyncExecutionInterceptor.java:112) ~[spring-aop-7.0.8.jar:7.0.8]
	at java.base/java.util.concurrent.FutureTask.run(FutureTask.java:328) ~[na:na]
	at java.base/java.util.concurrent.ThreadPoolExecutor.runWorker(ThreadPoolExecutor.java:1090) ~[na:na]
	at java.base/java.util.concurrent.ThreadPoolExecutor$Worker.run(ThreadPoolExecutor.java:614) ~[na:na]
	at java.base/java.lang.Thread.run(Thread.java:1474) ~[na:na]
Caused by: org.eclipse.angus.mail.util.MailConnectException: Couldn't connect to host, port: 127.0.0.1, 3025; timeout 5000;
  nested exception is:
	java.net.ConnectException: Connection refused: getsockopt
	at org.eclipse.angus.mail.smtp.SMTPTransport.openServer(SMTPTransport.java:2243) ~[angus-mail-2.0.5.jar:na]
	at org.eclipse.angus.mail.smtp.SMTPTransport.protocolConnect(SMTPTransport.java:729) ~[angus-mail-2.0.5.jar:na]
	at jakarta.mail.Service.connect(Service.java:345) ~[jakarta.mail-api-2.1.5.jar:na]
	at org.springframework.mail.javamail.JavaMailSenderImpl.connectTransport(JavaMailSenderImpl.java:467) ~[spring-context-support-7.0.8.jar:7.0.8]
	at org.springframework.mail.javamail.JavaMailSenderImpl.doSend(JavaMailSenderImpl.java:386) ~[spring-context-support-7.0.8.jar:7.0.8]
	... 14 common frames omitted
Caused by: java.net.ConnectException: Connection refused: getsockopt
	at java.base/sun.nio.ch.Net.pollConnect(Native Method) ~[na:na]
	at java.base/sun.nio.ch.Net.pollConnectNow(Net.java:639) ~[na:na]
	at java.base/sun.nio.ch.NioSocketImpl.timedFinishConnect(NioSocketImpl.java:543) ~[na:na]
	at java.base/sun.nio.ch.NioSocketImpl.connect(NioSocketImpl.java:594) ~[na:na]
	at java.base/java.net.SocksSocketImpl.connect(SocksSocketImpl.java:284) ~[na:na]
	at java.base/java.net.Socket.connect(Socket.java:659) ~[na:na]
	at org.eclipse.angus.mail.util.WriteTimeoutSocket.connect(WriteTimeoutSocket.java:118) ~[angus-mail-2.0.5.jar:na]
	at org.eclipse.angus.mail.util.SocketFetcher.createSocket(SocketFetcher.java:366) ~[angus-mail-2.0.5.jar:na]
	at org.eclipse.angus.mail.util.SocketFetcher.getSocket(SocketFetcher.java:243) ~[angus-mail-2.0.5.jar:na]
	at org.eclipse.angus.mail.smtp.SMTPTransport.openServer(SMTPTransport.java:2193) ~[angus-mail-2.0.5.jar:na]
	... 18 common frames omitted

2026-07-31T10:23:55.772+02:00 ERROR 15340 --- [stock-api] [   async-task-1] f.stockshop.stock_api.mail.EmailService  : ╔chec de l'envoi de l'email 'email/account-confirmation' Ó public-ef657fc5-ea85-45da-8c7d-37ce3ffc7ffb@test.fr

org.springframework.mail.MailSendException: Mail server connection failed. Failed messages: org.eclipse.angus.mail.util.MailConnectException: Couldn't connect to host, port: 127.0.0.1, 3025; timeout 5000;
  nested exception is:
	java.net.ConnectException: Connection refused: getsockopt; message exceptions (1) are:
Failed message 1: org.eclipse.angus.mail.util.MailConnectException: Couldn't connect to host, port: 127.0.0.1, 3025; timeout 5000;
  nested exception is:
	java.net.ConnectException: Connection refused: getsockopt
	at org.springframework.mail.javamail.JavaMailSenderImpl.doSend(JavaMailSenderImpl.java:397) ~[spring-context-support-7.0.8.jar:7.0.8]
	at org.springframework.mail.javamail.JavaMailSenderImpl.send(JavaMailSenderImpl.java:337) ~[spring-context-support-7.0.8.jar:7.0.8]
	at org.springframework.mail.javamail.JavaMailSender.send(JavaMailSender.java:101) ~[spring-context-support-7.0.8.jar:7.0.8]
	at fr.stockshop.stock_api.mail.EmailService.send(EmailService.java:109) ~[classes/:na]
	at fr.stockshop.stock_api.mail.EmailService.sendAccountConfirmationEmail(EmailService.java:74) ~[classes/:na]
	at java.base/jdk.internal.reflect.DirectMethodHandleAccessor.invoke(DirectMethodHandleAccessor.java:104) ~[na:na]
	at java.base/java.lang.reflect.Method.invoke(Method.java:565) ~[na:na]
	at org.springframework.aop.support.AopUtils.invokeJoinpointUsingReflection(AopUtils.java:359) ~[spring-aop-7.0.8.jar:7.0.8]
	at org.springframework.aop.framework.ReflectiveMethodInvocation.invokeJoinpoint(ReflectiveMethodInvocation.java:190) ~[spring-aop-7.0.8.jar:7.0.8]
	at org.springframework.aop.framework.ReflectiveMethodInvocation.proceed(ReflectiveMethodInvocation.java:158) ~[spring-aop-7.0.8.jar:7.0.8]
	at org.springframework.aop.interceptor.AsyncExecutionInterceptor.lambda$invoke$0(AsyncExecutionInterceptor.java:112) ~[spring-aop-7.0.8.jar:7.0.8]
	at java.base/java.util.concurrent.FutureTask.run(FutureTask.java:328) ~[na:na]
	at java.base/java.util.concurrent.ThreadPoolExecutor.runWorker(ThreadPoolExecutor.java:1090) ~[na:na]
	at java.base/java.util.concurrent.ThreadPoolExecutor$Worker.run(ThreadPoolExecutor.java:614) ~[na:na]
	at java.base/java.lang.Thread.run(Thread.java:1474) ~[na:na]
Caused by: org.eclipse.angus.mail.util.MailConnectException: Couldn't connect to host, port: 127.0.0.1, 3025; timeout 5000;
  nested exception is:
	java.net.ConnectException: Connection refused: getsockopt
	at org.eclipse.angus.mail.smtp.SMTPTransport.openServer(SMTPTransport.java:2243) ~[angus-mail-2.0.5.jar:na]
	at org.eclipse.angus.mail.smtp.SMTPTransport.protocolConnect(SMTPTransport.java:729) ~[angus-mail-2.0.5.jar:na]
	at jakarta.mail.Service.connect(Service.java:345) ~[jakarta.mail-api-2.1.5.jar:na]
	at org.springframework.mail.javamail.JavaMailSenderImpl.connectTransport(JavaMailSenderImpl.java:467) ~[spring-context-support-7.0.8.jar:7.0.8]
	at org.springframework.mail.javamail.JavaMailSenderImpl.doSend(JavaMailSenderImpl.java:386) ~[spring-context-support-7.0.8.jar:7.0.8]
	... 14 common frames omitted
Caused by: java.net.ConnectException: Connection refused: getsockopt
	at java.base/sun.nio.ch.Net.pollConnect(Native Method) ~[na:na]
	at java.base/sun.nio.ch.Net.pollConnectNow(Net.java:639) ~[na:na]
	at java.base/sun.nio.ch.NioSocketImpl.timedFinishConnect(NioSocketImpl.java:543) ~[na:na]
	at java.base/sun.nio.ch.NioSocketImpl.connect(NioSocketImpl.java:594) ~[na:na]
	at java.base/java.net.SocksSocketImpl.connect(SocksSocketImpl.java:284) ~[na:na]
	at java.base/java.net.Socket.connect(Socket.java:659) ~[na:na]
	at org.eclipse.angus.mail.util.WriteTimeoutSocket.connect(WriteTimeoutSocket.java:118) ~[angus-mail-2.0.5.jar:na]
	at org.eclipse.angus.mail.util.SocketFetcher.createSocket(SocketFetcher.java:366) ~[angus-mail-2.0.5.jar:na]
	at org.eclipse.angus.mail.util.SocketFetcher.getSocket(SocketFetcher.java:243) ~[angus-mail-2.0.5.jar:na]
	at org.eclipse.angus.mail.smtp.SMTPTransport.openServer(SMTPTransport.java:2193) ~[angus-mail-2.0.5.jar:na]
	... 18 common frames omitted

2026-07-31T10:23:55.952+02:00 ERROR 15340 --- [stock-api] [   async-task-2] f.stockshop.stock_api.mail.EmailService  : ╔chec de l'envoi de l'email 'email/account-confirmation' Ó valid-2bf5f500-271d-4ed4-ab4f-ad6387d32b86@test.fr

org.springframework.mail.MailSendException: Mail server connection failed. Failed messages: org.eclipse.angus.mail.util.MailConnectException: Couldn't connect to host, port: 127.0.0.1, 3025; timeout 5000;
  nested exception is:
	java.net.ConnectException: Connection refused: getsockopt; message exceptions (1) are:
Failed message 1: org.eclipse.angus.mail.util.MailConnectException: Couldn't connect to host, port: 127.0.0.1, 3025; timeout 5000;
  nested exception is:
	java.net.ConnectException: Connection refused: getsockopt
	at org.springframework.mail.javamail.JavaMailSenderImpl.doSend(JavaMailSenderImpl.java:397) ~[spring-context-support-7.0.8.jar:7.0.8]
	at org.springframework.mail.javamail.JavaMailSenderImpl.send(JavaMailSenderImpl.java:337) ~[spring-context-support-7.0.8.jar:7.0.8]
	at org.springframework.mail.javamail.JavaMailSender.send(JavaMailSender.java:101) ~[spring-context-support-7.0.8.jar:7.0.8]
	at fr.stockshop.stock_api.mail.EmailService.send(EmailService.java:109) ~[classes/:na]
	at fr.stockshop.stock_api.mail.EmailService.sendAccountConfirmationEmail(EmailService.java:74) ~[classes/:na]
	at java.base/jdk.internal.reflect.DirectMethodHandleAccessor.invoke(DirectMethodHandleAccessor.java:104) ~[na:na]
	at java.base/java.lang.reflect.Method.invoke(Method.java:565) ~[na:na]
	at org.springframework.aop.support.AopUtils.invokeJoinpointUsingReflection(AopUtils.java:359) ~[spring-aop-7.0.8.jar:7.0.8]
	at org.springframework.aop.framework.ReflectiveMethodInvocation.invokeJoinpoint(ReflectiveMethodInvocation.java:190) ~[spring-aop-7.0.8.jar:7.0.8]
	at org.springframework.aop.framework.ReflectiveMethodInvocation.proceed(ReflectiveMethodInvocation.java:158) ~[spring-aop-7.0.8.jar:7.0.8]
	at org.springframework.aop.interceptor.AsyncExecutionInterceptor.lambda$invoke$0(AsyncExecutionInterceptor.java:112) ~[spring-aop-7.0.8.jar:7.0.8]
	at java.base/java.util.concurrent.FutureTask.run(FutureTask.java:328) ~[na:na]
	at java.base/java.util.concurrent.ThreadPoolExecutor.runWorker(ThreadPoolExecutor.java:1090) ~[na:na]
	at java.base/java.util.concurrent.ThreadPoolExecutor$Worker.run(ThreadPoolExecutor.java:614) ~[na:na]
	at java.base/java.lang.Thread.run(Thread.java:1474) ~[na:na]
Caused by: org.eclipse.angus.mail.util.MailConnectException: Couldn't connect to host, port: 127.0.0.1, 3025; timeout 5000;
  nested exception is:
	java.net.ConnectException: Connection refused: getsockopt
	at org.eclipse.angus.mail.smtp.SMTPTransport.openServer(SMTPTransport.java:2243) ~[angus-mail-2.0.5.jar:na]
	at org.eclipse.angus.mail.smtp.SMTPTransport.protocolConnect(SMTPTransport.java:729) ~[angus-mail-2.0.5.jar:na]
	at jakarta.mail.Service.connect(Service.java:345) ~[jakarta.mail-api-2.1.5.jar:na]
	at org.springframework.mail.javamail.JavaMailSenderImpl.connectTransport(JavaMailSenderImpl.java:467) ~[spring-context-support-7.0.8.jar:7.0.8]
	at org.springframework.mail.javamail.JavaMailSenderImpl.doSend(JavaMailSenderImpl.java:386) ~[spring-context-support-7.0.8.jar:7.0.8]
	... 14 common frames omitted
Caused by: java.net.ConnectException: Connection refused: getsockopt
	at java.base/sun.nio.ch.Net.pollConnect(Native Method) ~[na:na]
	at java.base/sun.nio.ch.Net.pollConnectNow(Net.java:639) ~[na:na]
	at java.base/sun.nio.ch.NioSocketImpl.timedFinishConnect(NioSocketImpl.java:543) ~[na:na]
	at java.base/sun.nio.ch.NioSocketImpl.connect(NioSocketImpl.java:594) ~[na:na]
	at java.base/java.net.SocksSocketImpl.connect(SocksSocketImpl.java:284) ~[na:na]
	at java.base/java.net.Socket.connect(Socket.java:659) ~[na:na]
	at org.eclipse.angus.mail.util.WriteTimeoutSocket.connect(WriteTimeoutSocket.java:118) ~[angus-mail-2.0.5.jar:na]
	at org.eclipse.angus.mail.util.SocketFetcher.createSocket(SocketFetcher.java:366) ~[angus-mail-2.0.5.jar:na]
	at org.eclipse.angus.mail.util.SocketFetcher.getSocket(SocketFetcher.java:243) ~[angus-mail-2.0.5.jar:na]
	at org.eclipse.angus.mail.smtp.SMTPTransport.openServer(SMTPTransport.java:2193) ~[angus-mail-2.0.5.jar:na]
	... 18 common frames omitted

2026-07-31T10:23:56.176+02:00 ERROR 15340 --- [stock-api] [   async-task-1] f.stockshop.stock_api.mail.EmailService  : ╔chec de l'envoi de l'email 'email/account-confirmation' Ó expired-bd50b0a0-4e76-43aa-a70a-6a827dc2f9ae@test.fr

org.springframework.mail.MailSendException: Mail server connection failed. Failed messages: org.eclipse.angus.mail.util.MailConnectException: Couldn't connect to host, port: 127.0.0.1, 3025; timeout 5000;
  nested exception is:
	java.net.ConnectException: Connection refused: getsockopt; message exceptions (1) are:
Failed message 1: org.eclipse.angus.mail.util.MailConnectException: Couldn't connect to host, port: 127.0.0.1, 3025; timeout 5000;
  nested exception is:
	java.net.ConnectException: Connection refused: getsockopt
	at org.springframework.mail.javamail.JavaMailSenderImpl.doSend(JavaMailSenderImpl.java:397) ~[spring-context-support-7.0.8.jar:7.0.8]
	at org.springframework.mail.javamail.JavaMailSenderImpl.send(JavaMailSenderImpl.java:337) ~[spring-context-support-7.0.8.jar:7.0.8]
	at org.springframework.mail.javamail.JavaMailSender.send(JavaMailSender.java:101) ~[spring-context-support-7.0.8.jar:7.0.8]
	at fr.stockshop.stock_api.mail.EmailService.send(EmailService.java:109) ~[classes/:na]
	at fr.stockshop.stock_api.mail.EmailService.sendAccountConfirmationEmail(EmailService.java:74) ~[classes/:na]
	at java.base/jdk.internal.reflect.DirectMethodHandleAccessor.invoke(DirectMethodHandleAccessor.java:104) ~[na:na]
	at java.base/java.lang.reflect.Method.invoke(Method.java:565) ~[na:na]
	at org.springframework.aop.support.AopUtils.invokeJoinpointUsingReflection(AopUtils.java:359) ~[spring-aop-7.0.8.jar:7.0.8]
	at org.springframework.aop.framework.ReflectiveMethodInvocation.invokeJoinpoint(ReflectiveMethodInvocation.java:190) ~[spring-aop-7.0.8.jar:7.0.8]
	at org.springframework.aop.framework.ReflectiveMethodInvocation.proceed(ReflectiveMethodInvocation.java:158) ~[spring-aop-7.0.8.jar:7.0.8]
	at org.springframework.aop.interceptor.AsyncExecutionInterceptor.lambda$invoke$0(AsyncExecutionInterceptor.java:112) ~[spring-aop-7.0.8.jar:7.0.8]
	at java.base/java.util.concurrent.FutureTask.run(FutureTask.java:328) ~[na:na]
	at java.base/java.util.concurrent.ThreadPoolExecutor.runWorker(ThreadPoolExecutor.java:1090) ~[na:na]
	at java.base/java.util.concurrent.ThreadPoolExecutor$Worker.run(ThreadPoolExecutor.java:614) ~[na:na]
	at java.base/java.lang.Thread.run(Thread.java:1474) ~[na:na]
Caused by: org.eclipse.angus.mail.util.MailConnectException: Couldn't connect to host, port: 127.0.0.1, 3025; timeout 5000;
  nested exception is:
	java.net.ConnectException: Connection refused: getsockopt
	at org.eclipse.angus.mail.smtp.SMTPTransport.openServer(SMTPTransport.java:2243) ~[angus-mail-2.0.5.jar:na]
	at org.eclipse.angus.mail.smtp.SMTPTransport.protocolConnect(SMTPTransport.java:729) ~[angus-mail-2.0.5.jar:na]
	at jakarta.mail.Service.connect(Service.java:345) ~[jakarta.mail-api-2.1.5.jar:na]
	at org.springframework.mail.javamail.JavaMailSenderImpl.connectTransport(JavaMailSenderImpl.java:467) ~[spring-context-support-7.0.8.jar:7.0.8]
	at org.springframework.mail.javamail.JavaMailSenderImpl.doSend(JavaMailSenderImpl.java:386) ~[spring-context-support-7.0.8.jar:7.0.8]
	... 14 common frames omitted
Caused by: java.net.ConnectException: Connection refused: getsockopt
	at java.base/sun.nio.ch.Net.pollConnect(Native Method) ~[na:na]
	at java.base/sun.nio.ch.Net.pollConnectNow(Net.java:639) ~[na:na]
	at java.base/sun.nio.ch.NioSocketImpl.timedFinishConnect(NioSocketImpl.java:543) ~[na:na]
	at java.base/sun.nio.ch.NioSocketImpl.connect(NioSocketImpl.java:594) ~[na:na]
	at java.base/java.net.SocksSocketImpl.connect(SocksSocketImpl.java:284) ~[na:na]
	at java.base/java.net.Socket.connect(Socket.java:659) ~[na:na]
	at org.eclipse.angus.mail.util.WriteTimeoutSocket.connect(WriteTimeoutSocket.java:118) ~[angus-mail-2.0.5.jar:na]
	at org.eclipse.angus.mail.util.SocketFetcher.createSocket(SocketFetcher.java:366) ~[angus-mail-2.0.5.jar:na]
	at org.eclipse.angus.mail.util.SocketFetcher.getSocket(SocketFetcher.java:243) ~[angus-mail-2.0.5.jar:na]
	at org.eclipse.angus.mail.smtp.SMTPTransport.openServer(SMTPTransport.java:2193) ~[angus-mail-2.0.5.jar:na]
	... 18 common frames omitted

[INFO] Tests run: 8, Failures: 0, Errors: 0, Skipped: 0, Time elapsed: 6.146 s -- in fr.stockshop.stock_api.security.JwtSecurityIntegrationTest
[INFO] Running fr.stockshop.stock_api.security.LocaleIntegrationTest
2026-07-31T10:23:56.385+02:00 ERROR 15340 --- [stock-api] [   async-task-2] f.stockshop.stock_api.mail.EmailService  : ╔chec de l'envoi de l'email 'email/account-confirmation' Ó locale-update-777dd422-32e1-4ac0-91fc-e30c5fc7708c@test.fr

org.springframework.mail.MailSendException: Mail server connection failed. Failed messages: org.eclipse.angus.mail.util.MailConnectException: Couldn't connect to host, port: 127.0.0.1, 3025; timeout 5000;
  nested exception is:
	java.net.ConnectException: Connection refused: getsockopt; message exceptions (1) are:
Failed message 1: org.eclipse.angus.mail.util.MailConnectException: Couldn't connect to host, port: 127.0.0.1, 3025; timeout 5000;
  nested exception is:
	java.net.ConnectException: Connection refused: getsockopt
	at org.springframework.mail.javamail.JavaMailSenderImpl.doSend(JavaMailSenderImpl.java:397) ~[spring-context-support-7.0.8.jar:7.0.8]
	at org.springframework.mail.javamail.JavaMailSenderImpl.send(JavaMailSenderImpl.java:337) ~[spring-context-support-7.0.8.jar:7.0.8]
	at org.springframework.mail.javamail.JavaMailSender.send(JavaMailSender.java:101) ~[spring-context-support-7.0.8.jar:7.0.8]
	at fr.stockshop.stock_api.mail.EmailService.send(EmailService.java:109) ~[classes/:na]
	at fr.stockshop.stock_api.mail.EmailService.sendAccountConfirmationEmail(EmailService.java:74) ~[classes/:na]
	at java.base/jdk.internal.reflect.DirectMethodHandleAccessor.invoke(DirectMethodHandleAccessor.java:104) ~[na:na]
	at java.base/java.lang.reflect.Method.invoke(Method.java:565) ~[na:na]
	at org.springframework.aop.support.AopUtils.invokeJoinpointUsingReflection(AopUtils.java:359) ~[spring-aop-7.0.8.jar:7.0.8]
	at org.springframework.aop.framework.ReflectiveMethodInvocation.invokeJoinpoint(ReflectiveMethodInvocation.java:190) ~[spring-aop-7.0.8.jar:7.0.8]
	at org.springframework.aop.framework.ReflectiveMethodInvocation.proceed(ReflectiveMethodInvocation.java:158) ~[spring-aop-7.0.8.jar:7.0.8]
	at org.springframework.aop.interceptor.AsyncExecutionInterceptor.lambda$invoke$0(AsyncExecutionInterceptor.java:112) ~[spring-aop-7.0.8.jar:7.0.8]
	at java.base/java.util.concurrent.FutureTask.run(FutureTask.java:328) ~[na:na]
	at java.base/java.util.concurrent.ThreadPoolExecutor.runWorker(ThreadPoolExecutor.java:1090) ~[na:na]
	at java.base/java.util.concurrent.ThreadPoolExecutor$Worker.run(ThreadPoolExecutor.java:614) ~[na:na]
	at java.base/java.lang.Thread.run(Thread.java:1474) ~[na:na]
Caused by: org.eclipse.angus.mail.util.MailConnectException: Couldn't connect to host, port: 127.0.0.1, 3025; timeout 5000;
  nested exception is:
	java.net.ConnectException: Connection refused: getsockopt
	at org.eclipse.angus.mail.smtp.SMTPTransport.openServer(SMTPTransport.java:2243) ~[angus-mail-2.0.5.jar:na]
	at org.eclipse.angus.mail.smtp.SMTPTransport.protocolConnect(SMTPTransport.java:729) ~[angus-mail-2.0.5.jar:na]
	at jakarta.mail.Service.connect(Service.java:345) ~[jakarta.mail-api-2.1.5.jar:na]
	at org.springframework.mail.javamail.JavaMailSenderImpl.connectTransport(JavaMailSenderImpl.java:467) ~[spring-context-support-7.0.8.jar:7.0.8]
	at org.springframework.mail.javamail.JavaMailSenderImpl.doSend(JavaMailSenderImpl.java:386) ~[spring-context-support-7.0.8.jar:7.0.8]
	... 14 common frames omitted
Caused by: java.net.ConnectException: Connection refused: getsockopt
	at java.base/sun.nio.ch.Net.pollConnect(Native Method) ~[na:na]
	at java.base/sun.nio.ch.Net.pollConnectNow(Net.java:639) ~[na:na]
	at java.base/sun.nio.ch.NioSocketImpl.timedFinishConnect(NioSocketImpl.java:543) ~[na:na]
	at java.base/sun.nio.ch.NioSocketImpl.connect(NioSocketImpl.java:594) ~[na:na]
	at java.base/java.net.SocksSocketImpl.connect(SocksSocketImpl.java:284) ~[na:na]
	at java.base/java.net.Socket.connect(Socket.java:659) ~[na:na]
	at org.eclipse.angus.mail.util.WriteTimeoutSocket.connect(WriteTimeoutSocket.java:118) ~[angus-mail-2.0.5.jar:na]
	at org.eclipse.angus.mail.util.SocketFetcher.createSocket(SocketFetcher.java:366) ~[angus-mail-2.0.5.jar:na]
	at org.eclipse.angus.mail.util.SocketFetcher.getSocket(SocketFetcher.java:243) ~[angus-mail-2.0.5.jar:na]
	at org.eclipse.angus.mail.smtp.SMTPTransport.openServer(SMTPTransport.java:2193) ~[angus-mail-2.0.5.jar:na]
	... 18 common frames omitted

2026-07-31T10:23:56.593+02:00 ERROR 15340 --- [stock-api] [   async-task-1] f.stockshop.stock_api.mail.EmailService  : ╔chec de l'envoi de l'email 'email/account-confirmation' Ó locale-invalid-0141f661-2157-445d-bad8-801b494978b9@test.fr

org.springframework.mail.MailSendException: Mail server connection failed. Failed messages: org.eclipse.angus.mail.util.MailConnectException: Couldn't connect to host, port: 127.0.0.1, 3025; timeout 5000;
  nested exception is:
	java.net.ConnectException: Connection refused: getsockopt; message exceptions (1) are:
Failed message 1: org.eclipse.angus.mail.util.MailConnectException: Couldn't connect to host, port: 127.0.0.1, 3025; timeout 5000;
  nested exception is:
	java.net.ConnectException: Connection refused: getsockopt
	at org.springframework.mail.javamail.JavaMailSenderImpl.doSend(JavaMailSenderImpl.java:397) ~[spring-context-support-7.0.8.jar:7.0.8]
	at org.springframework.mail.javamail.JavaMailSenderImpl.send(JavaMailSenderImpl.java:337) ~[spring-context-support-7.0.8.jar:7.0.8]
	at org.springframework.mail.javamail.JavaMailSender.send(JavaMailSender.java:101) ~[spring-context-support-7.0.8.jar:7.0.8]
	at fr.stockshop.stock_api.mail.EmailService.send(EmailService.java:109) ~[classes/:na]
	at fr.stockshop.stock_api.mail.EmailService.sendAccountConfirmationEmail(EmailService.java:74) ~[classes/:na]
	at java.base/jdk.internal.reflect.DirectMethodHandleAccessor.invoke(DirectMethodHandleAccessor.java:104) ~[na:na]
	at java.base/java.lang.reflect.Method.invoke(Method.java:565) ~[na:na]
	at org.springframework.aop.support.AopUtils.invokeJoinpointUsingReflection(AopUtils.java:359) ~[spring-aop-7.0.8.jar:7.0.8]
	at org.springframework.aop.framework.ReflectiveMethodInvocation.invokeJoinpoint(ReflectiveMethodInvocation.java:190) ~[spring-aop-7.0.8.jar:7.0.8]
	at org.springframework.aop.framework.ReflectiveMethodInvocation.proceed(ReflectiveMethodInvocation.java:158) ~[spring-aop-7.0.8.jar:7.0.8]
	at org.springframework.aop.interceptor.AsyncExecutionInterceptor.lambda$invoke$0(AsyncExecutionInterceptor.java:112) ~[spring-aop-7.0.8.jar:7.0.8]
	at java.base/java.util.concurrent.FutureTask.run(FutureTask.java:328) ~[na:na]
	at java.base/java.util.concurrent.ThreadPoolExecutor.runWorker(ThreadPoolExecutor.java:1090) ~[na:na]
	at java.base/java.util.concurrent.ThreadPoolExecutor$Worker.run(ThreadPoolExecutor.java:614) ~[na:na]
	at java.base/java.lang.Thread.run(Thread.java:1474) ~[na:na]
Caused by: org.eclipse.angus.mail.util.MailConnectException: Couldn't connect to host, port: 127.0.0.1, 3025; timeout 5000;
  nested exception is:
	java.net.ConnectException: Connection refused: getsockopt
	at org.eclipse.angus.mail.smtp.SMTPTransport.openServer(SMTPTransport.java:2243) ~[angus-mail-2.0.5.jar:na]
	at org.eclipse.angus.mail.smtp.SMTPTransport.protocolConnect(SMTPTransport.java:729) ~[angus-mail-2.0.5.jar:na]
	at jakarta.mail.Service.connect(Service.java:345) ~[jakarta.mail-api-2.1.5.jar:na]
	at org.springframework.mail.javamail.JavaMailSenderImpl.connectTransport(JavaMailSenderImpl.java:467) ~[spring-context-support-7.0.8.jar:7.0.8]
	at org.springframework.mail.javamail.JavaMailSenderImpl.doSend(JavaMailSenderImpl.java:386) ~[spring-context-support-7.0.8.jar:7.0.8]
	... 14 common frames omitted
Caused by: java.net.ConnectException: Connection refused: getsockopt
	at java.base/sun.nio.ch.Net.pollConnect(Native Method) ~[na:na]
	at java.base/sun.nio.ch.Net.pollConnectNow(Net.java:639) ~[na:na]
	at java.base/sun.nio.ch.NioSocketImpl.timedFinishConnect(NioSocketImpl.java:543) ~[na:na]
	at java.base/sun.nio.ch.NioSocketImpl.connect(NioSocketImpl.java:594) ~[na:na]
	at java.base/java.net.SocksSocketImpl.connect(SocksSocketImpl.java:284) ~[na:na]
	at java.base/java.net.Socket.connect(Socket.java:659) ~[na:na]
	at org.eclipse.angus.mail.util.WriteTimeoutSocket.connect(WriteTimeoutSocket.java:118) ~[angus-mail-2.0.5.jar:na]
	at org.eclipse.angus.mail.util.SocketFetcher.createSocket(SocketFetcher.java:366) ~[angus-mail-2.0.5.jar:na]
	at org.eclipse.angus.mail.util.SocketFetcher.getSocket(SocketFetcher.java:243) ~[angus-mail-2.0.5.jar:na]
	at org.eclipse.angus.mail.smtp.SMTPTransport.openServer(SMTPTransport.java:2193) ~[angus-mail-2.0.5.jar:na]
	... 18 common frames omitted

2026-07-31T10:23:56.902+02:00 ERROR 15340 --- [stock-api] [   async-task-2] f.stockshop.stock_api.mail.EmailService  : ╔chec de l'envoi de l'email 'email/account-confirmation' Ó locale-en-19fe3235-14a5-4a29-9783-79eb2e208f32@test.fr

org.springframework.mail.MailSendException: Mail server connection failed. Failed messages: org.eclipse.angus.mail.util.MailConnectException: Couldn't connect to host, port: 127.0.0.1, 3025; timeout 5000;
  nested exception is:
	java.net.ConnectException: Connection refused: getsockopt; message exceptions (1) are:
Failed message 1: org.eclipse.angus.mail.util.MailConnectException: Couldn't connect to host, port: 127.0.0.1, 3025; timeout 5000;
  nested exception is:
	java.net.ConnectException: Connection refused: getsockopt
	at org.springframework.mail.javamail.JavaMailSenderImpl.doSend(JavaMailSenderImpl.java:397) ~[spring-context-support-7.0.8.jar:7.0.8]
	at org.springframework.mail.javamail.JavaMailSenderImpl.send(JavaMailSenderImpl.java:337) ~[spring-context-support-7.0.8.jar:7.0.8]
	at org.springframework.mail.javamail.JavaMailSender.send(JavaMailSender.java:101) ~[spring-context-support-7.0.8.jar:7.0.8]
	at fr.stockshop.stock_api.mail.EmailService.send(EmailService.java:109) ~[classes/:na]
	at fr.stockshop.stock_api.mail.EmailService.sendAccountConfirmationEmail(EmailService.java:74) ~[classes/:na]
	at java.base/jdk.internal.reflect.DirectMethodHandleAccessor.invoke(DirectMethodHandleAccessor.java:104) ~[na:na]
	at java.base/java.lang.reflect.Method.invoke(Method.java:565) ~[na:na]
	at org.springframework.aop.support.AopUtils.invokeJoinpointUsingReflection(AopUtils.java:359) ~[spring-aop-7.0.8.jar:7.0.8]
	at org.springframework.aop.framework.ReflectiveMethodInvocation.invokeJoinpoint(ReflectiveMethodInvocation.java:190) ~[spring-aop-7.0.8.jar:7.0.8]
	at org.springframework.aop.framework.ReflectiveMethodInvocation.proceed(ReflectiveMethodInvocation.java:158) ~[spring-aop-7.0.8.jar:7.0.8]
	at org.springframework.aop.interceptor.AsyncExecutionInterceptor.lambda$invoke$0(AsyncExecutionInterceptor.java:112) ~[spring-aop-7.0.8.jar:7.0.8]
	at java.base/java.util.concurrent.FutureTask.run(FutureTask.java:328) ~[na:na]
	at java.base/java.util.concurrent.ThreadPoolExecutor.runWorker(ThreadPoolExecutor.java:1090) ~[na:na]
	at java.base/java.util.concurrent.ThreadPoolExecutor$Worker.run(ThreadPoolExecutor.java:614) ~[na:na]
	at java.base/java.lang.Thread.run(Thread.java:1474) ~[na:na]
Caused by: org.eclipse.angus.mail.util.MailConnectException: Couldn't connect to host, port: 127.0.0.1, 3025; timeout 5000;
  nested exception is:
	java.net.ConnectException: Connection refused: getsockopt
	at org.eclipse.angus.mail.smtp.SMTPTransport.openServer(SMTPTransport.java:2243) ~[angus-mail-2.0.5.jar:na]
	at org.eclipse.angus.mail.smtp.SMTPTransport.protocolConnect(SMTPTransport.java:729) ~[angus-mail-2.0.5.jar:na]
	at jakarta.mail.Service.connect(Service.java:345) ~[jakarta.mail-api-2.1.5.jar:na]
	at org.springframework.mail.javamail.JavaMailSenderImpl.connectTransport(JavaMailSenderImpl.java:467) ~[spring-context-support-7.0.8.jar:7.0.8]
	at org.springframework.mail.javamail.JavaMailSenderImpl.doSend(JavaMailSenderImpl.java:386) ~[spring-context-support-7.0.8.jar:7.0.8]
	... 14 common frames omitted
Caused by: java.net.ConnectException: Connection refused: getsockopt
	at java.base/sun.nio.ch.Net.pollConnect(Native Method) ~[na:na]
	at java.base/sun.nio.ch.Net.pollConnectNow(Net.java:639) ~[na:na]
	at java.base/sun.nio.ch.NioSocketImpl.timedFinishConnect(NioSocketImpl.java:543) ~[na:na]
	at java.base/sun.nio.ch.NioSocketImpl.connect(NioSocketImpl.java:594) ~[na:na]
	at java.base/java.net.SocksSocketImpl.connect(SocksSocketImpl.java:284) ~[na:na]
	at java.base/java.net.Socket.connect(Socket.java:659) ~[na:na]
	at org.eclipse.angus.mail.util.WriteTimeoutSocket.connect(WriteTimeoutSocket.java:118) ~[angus-mail-2.0.5.jar:na]
	at org.eclipse.angus.mail.util.SocketFetcher.createSocket(SocketFetcher.java:366) ~[angus-mail-2.0.5.jar:na]
	at org.eclipse.angus.mail.util.SocketFetcher.getSocket(SocketFetcher.java:243) ~[angus-mail-2.0.5.jar:na]
	at org.eclipse.angus.mail.smtp.SMTPTransport.openServer(SMTPTransport.java:2193) ~[angus-mail-2.0.5.jar:na]
	... 18 common frames omitted

[INFO] Tests run: 4, Failures: 0, Errors: 0, Skipped: 0, Time elapsed: 0.617 s -- in fr.stockshop.stock_api.security.LocaleIntegrationTest
[INFO] Running fr.stockshop.stock_api.security.TokenServiceTest
[INFO] Tests run: 6, Failures: 0, Errors: 0, Skipped: 0, Time elapsed: 0.009 s -- in fr.stockshop.stock_api.security.TokenServiceTest
[INFO] Running fr.stockshop.stock_api.StockApiApplicationTests
[INFO] Tests run: 1, Failures: 0, Errors: 0, Skipped: 0, Time elapsed: 0.022 s -- in fr.stockshop.stock_api.StockApiApplicationTests
[INFO] Running fr.stockshop.stock_api.user.EmailConfirmationIntegrationTest
[INFO] Tests run: 6, Failures: 0, Errors: 0, Skipped: 0, Time elapsed: 17.92 s -- in fr.stockshop.stock_api.user.EmailConfirmationIntegrationTest
[INFO] Running fr.stockshop.stock_api.user.LoginIntegrationTest
2026-07-31T10:24:14.949+02:00 ERROR 15340 --- [stock-api] [   async-task-1] f.stockshop.stock_api.mail.EmailService  : ╔chec de l'envoi de l'email 'email/account-confirmation' Ó inactive-93a1c0f6-11e7-4011-96fe-f056090b4daf@test.fr

org.springframework.mail.MailSendException: Mail server connection failed. Failed messages: org.eclipse.angus.mail.util.MailConnectException: Couldn't connect to host, port: 127.0.0.1, 3025; timeout 5000;
  nested exception is:
	java.net.ConnectException: Connection refused: getsockopt; message exceptions (1) are:
Failed message 1: org.eclipse.angus.mail.util.MailConnectException: Couldn't connect to host, port: 127.0.0.1, 3025; timeout 5000;
  nested exception is:
	java.net.ConnectException: Connection refused: getsockopt
	at org.springframework.mail.javamail.JavaMailSenderImpl.doSend(JavaMailSenderImpl.java:397) ~[spring-context-support-7.0.8.jar:7.0.8]
	at org.springframework.mail.javamail.JavaMailSenderImpl.send(JavaMailSenderImpl.java:337) ~[spring-context-support-7.0.8.jar:7.0.8]
	at org.springframework.mail.javamail.JavaMailSender.send(JavaMailSender.java:101) ~[spring-context-support-7.0.8.jar:7.0.8]
	at fr.stockshop.stock_api.mail.EmailService.send(EmailService.java:109) ~[classes/:na]
	at fr.stockshop.stock_api.mail.EmailService.sendAccountConfirmationEmail(EmailService.java:74) ~[classes/:na]
	at java.base/jdk.internal.reflect.DirectMethodHandleAccessor.invoke(DirectMethodHandleAccessor.java:104) ~[na:na]
	at java.base/java.lang.reflect.Method.invoke(Method.java:565) ~[na:na]
	at org.springframework.aop.support.AopUtils.invokeJoinpointUsingReflection(AopUtils.java:359) ~[spring-aop-7.0.8.jar:7.0.8]
	at org.springframework.aop.framework.ReflectiveMethodInvocation.invokeJoinpoint(ReflectiveMethodInvocation.java:190) ~[spring-aop-7.0.8.jar:7.0.8]
	at org.springframework.aop.framework.ReflectiveMethodInvocation.proceed(ReflectiveMethodInvocation.java:158) ~[spring-aop-7.0.8.jar:7.0.8]
	at org.springframework.aop.interceptor.AsyncExecutionInterceptor.lambda$invoke$0(AsyncExecutionInterceptor.java:112) ~[spring-aop-7.0.8.jar:7.0.8]
	at java.base/java.util.concurrent.FutureTask.run(FutureTask.java:328) ~[na:na]
	at java.base/java.util.concurrent.ThreadPoolExecutor.runWorker(ThreadPoolExecutor.java:1090) ~[na:na]
	at java.base/java.util.concurrent.ThreadPoolExecutor$Worker.run(ThreadPoolExecutor.java:614) ~[na:na]
	at java.base/java.lang.Thread.run(Thread.java:1474) ~[na:na]
Caused by: org.eclipse.angus.mail.util.MailConnectException: Couldn't connect to host, port: 127.0.0.1, 3025; timeout 5000;
  nested exception is:
	java.net.ConnectException: Connection refused: getsockopt
	at org.eclipse.angus.mail.smtp.SMTPTransport.openServer(SMTPTransport.java:2243) ~[angus-mail-2.0.5.jar:na]
	at org.eclipse.angus.mail.smtp.SMTPTransport.protocolConnect(SMTPTransport.java:729) ~[angus-mail-2.0.5.jar:na]
	at jakarta.mail.Service.connect(Service.java:345) ~[jakarta.mail-api-2.1.5.jar:na]
	at org.springframework.mail.javamail.JavaMailSenderImpl.connectTransport(JavaMailSenderImpl.java:467) ~[spring-context-support-7.0.8.jar:7.0.8]
	at org.springframework.mail.javamail.JavaMailSenderImpl.doSend(JavaMailSenderImpl.java:386) ~[spring-context-support-7.0.8.jar:7.0.8]
	... 14 common frames omitted
Caused by: java.net.ConnectException: Connection refused: getsockopt
	at java.base/sun.nio.ch.Net.pollConnect(Native Method) ~[na:na]
	at java.base/sun.nio.ch.Net.pollConnectNow(Net.java:639) ~[na:na]
	at java.base/sun.nio.ch.NioSocketImpl.timedFinishConnect(NioSocketImpl.java:543) ~[na:na]
	at java.base/sun.nio.ch.NioSocketImpl.connect(NioSocketImpl.java:594) ~[na:na]
	at java.base/java.net.SocksSocketImpl.connect(SocksSocketImpl.java:284) ~[na:na]
	at java.base/java.net.Socket.connect(Socket.java:659) ~[na:na]
	at org.eclipse.angus.mail.util.WriteTimeoutSocket.connect(WriteTimeoutSocket.java:118) ~[angus-mail-2.0.5.jar:na]
	at org.eclipse.angus.mail.util.SocketFetcher.createSocket(SocketFetcher.java:366) ~[angus-mail-2.0.5.jar:na]
	at org.eclipse.angus.mail.util.SocketFetcher.getSocket(SocketFetcher.java:243) ~[angus-mail-2.0.5.jar:na]
	at org.eclipse.angus.mail.smtp.SMTPTransport.openServer(SMTPTransport.java:2193) ~[angus-mail-2.0.5.jar:na]
	... 18 common frames omitted

2026-07-31T10:24:15.113+02:00 ERROR 15340 --- [stock-api] [   async-task-1] f.stockshop.stock_api.mail.EmailService  : ╔chec de l'envoi de l'email 'email/account-confirmation' Ó remember-c9b5e99a-5693-46bc-81a5-4957da28d27c@test.fr

org.springframework.mail.MailSendException: Mail server connection failed. Failed messages: org.eclipse.angus.mail.util.MailConnectException: Couldn't connect to host, port: 127.0.0.1, 3025; timeout 5000;
  nested exception is:
	java.net.ConnectException: Connection refused: getsockopt; message exceptions (1) are:
Failed message 1: org.eclipse.angus.mail.util.MailConnectException: Couldn't connect to host, port: 127.0.0.1, 3025; timeout 5000;
  nested exception is:
	java.net.ConnectException: Connection refused: getsockopt
	at org.springframework.mail.javamail.JavaMailSenderImpl.doSend(JavaMailSenderImpl.java:397) ~[spring-context-support-7.0.8.jar:7.0.8]
	at org.springframework.mail.javamail.JavaMailSenderImpl.send(JavaMailSenderImpl.java:337) ~[spring-context-support-7.0.8.jar:7.0.8]
	at org.springframework.mail.javamail.JavaMailSender.send(JavaMailSender.java:101) ~[spring-context-support-7.0.8.jar:7.0.8]
	at fr.stockshop.stock_api.mail.EmailService.send(EmailService.java:109) ~[classes/:na]
	at fr.stockshop.stock_api.mail.EmailService.sendAccountConfirmationEmail(EmailService.java:74) ~[classes/:na]
	at java.base/jdk.internal.reflect.DirectMethodHandleAccessor.invoke(DirectMethodHandleAccessor.java:104) ~[na:na]
	at java.base/java.lang.reflect.Method.invoke(Method.java:565) ~[na:na]
	at org.springframework.aop.support.AopUtils.invokeJoinpointUsingReflection(AopUtils.java:359) ~[spring-aop-7.0.8.jar:7.0.8]
	at org.springframework.aop.framework.ReflectiveMethodInvocation.invokeJoinpoint(ReflectiveMethodInvocation.java:190) ~[spring-aop-7.0.8.jar:7.0.8]
	at org.springframework.aop.framework.ReflectiveMethodInvocation.proceed(ReflectiveMethodInvocation.java:158) ~[spring-aop-7.0.8.jar:7.0.8]
	at org.springframework.aop.interceptor.AsyncExecutionInterceptor.lambda$invoke$0(AsyncExecutionInterceptor.java:112) ~[spring-aop-7.0.8.jar:7.0.8]
	at java.base/java.util.concurrent.FutureTask.run(FutureTask.java:328) ~[na:na]
	at java.base/java.util.concurrent.ThreadPoolExecutor.runWorker(ThreadPoolExecutor.java:1090) ~[na:na]
	at java.base/java.util.concurrent.ThreadPoolExecutor$Worker.run(ThreadPoolExecutor.java:614) ~[na:na]
	at java.base/java.lang.Thread.run(Thread.java:1474) ~[na:na]
Caused by: org.eclipse.angus.mail.util.MailConnectException: Couldn't connect to host, port: 127.0.0.1, 3025; timeout 5000;
  nested exception is:
	java.net.ConnectException: Connection refused: getsockopt
	at org.eclipse.angus.mail.smtp.SMTPTransport.openServer(SMTPTransport.java:2243) ~[angus-mail-2.0.5.jar:na]
	at org.eclipse.angus.mail.smtp.SMTPTransport.protocolConnect(SMTPTransport.java:729) ~[angus-mail-2.0.5.jar:na]
	at jakarta.mail.Service.connect(Service.java:345) ~[jakarta.mail-api-2.1.5.jar:na]
	at org.springframework.mail.javamail.JavaMailSenderImpl.connectTransport(JavaMailSenderImpl.java:467) ~[spring-context-support-7.0.8.jar:7.0.8]
	at org.springframework.mail.javamail.JavaMailSenderImpl.doSend(JavaMailSenderImpl.java:386) ~[spring-context-support-7.0.8.jar:7.0.8]
	... 14 common frames omitted
Caused by: java.net.ConnectException: Connection refused: getsockopt
	at java.base/sun.nio.ch.Net.pollConnect(Native Method) ~[na:na]
	at java.base/sun.nio.ch.Net.pollConnectNow(Net.java:639) ~[na:na]
	at java.base/sun.nio.ch.NioSocketImpl.timedFinishConnect(NioSocketImpl.java:543) ~[na:na]
	at java.base/sun.nio.ch.NioSocketImpl.connect(NioSocketImpl.java:594) ~[na:na]
	at java.base/java.net.SocksSocketImpl.connect(SocksSocketImpl.java:284) ~[na:na]
	at java.base/java.net.Socket.connect(Socket.java:659) ~[na:na]
	at org.eclipse.angus.mail.util.WriteTimeoutSocket.connect(WriteTimeoutSocket.java:118) ~[angus-mail-2.0.5.jar:na]
	at org.eclipse.angus.mail.util.SocketFetcher.createSocket(SocketFetcher.java:366) ~[angus-mail-2.0.5.jar:na]
	at org.eclipse.angus.mail.util.SocketFetcher.getSocket(SocketFetcher.java:243) ~[angus-mail-2.0.5.jar:na]
	at org.eclipse.angus.mail.smtp.SMTPTransport.openServer(SMTPTransport.java:2193) ~[angus-mail-2.0.5.jar:na]
	... 18 common frames omitted

2026-07-31T10:24:15.297+02:00 ERROR 15340 --- [stock-api] [   async-task-1] f.stockshop.stock_api.mail.EmailService  : ╔chec de l'envoi de l'email 'email/account-confirmation' Ó expiry-1f55c3fc-8ae7-4351-9b88-df14e36fac5b@test.fr

org.springframework.mail.MailSendException: Mail server connection failed. Failed messages: org.eclipse.angus.mail.util.MailConnectException: Couldn't connect to host, port: 127.0.0.1, 3025; timeout 5000;
  nested exception is:
	java.net.ConnectException: Connection refused: getsockopt; message exceptions (1) are:
Failed message 1: org.eclipse.angus.mail.util.MailConnectException: Couldn't connect to host, port: 127.0.0.1, 3025; timeout 5000;
  nested exception is:
	java.net.ConnectException: Connection refused: getsockopt
	at org.springframework.mail.javamail.JavaMailSenderImpl.doSend(JavaMailSenderImpl.java:397) ~[spring-context-support-7.0.8.jar:7.0.8]
	at org.springframework.mail.javamail.JavaMailSenderImpl.send(JavaMailSenderImpl.java:337) ~[spring-context-support-7.0.8.jar:7.0.8]
	at org.springframework.mail.javamail.JavaMailSender.send(JavaMailSender.java:101) ~[spring-context-support-7.0.8.jar:7.0.8]
	at fr.stockshop.stock_api.mail.EmailService.send(EmailService.java:109) ~[classes/:na]
	at fr.stockshop.stock_api.mail.EmailService.sendAccountConfirmationEmail(EmailService.java:74) ~[classes/:na]
	at java.base/jdk.internal.reflect.DirectMethodHandleAccessor.invoke(DirectMethodHandleAccessor.java:104) ~[na:na]
	at java.base/java.lang.reflect.Method.invoke(Method.java:565) ~[na:na]
	at org.springframework.aop.support.AopUtils.invokeJoinpointUsingReflection(AopUtils.java:359) ~[spring-aop-7.0.8.jar:7.0.8]
	at org.springframework.aop.framework.ReflectiveMethodInvocation.invokeJoinpoint(ReflectiveMethodInvocation.java:190) ~[spring-aop-7.0.8.jar:7.0.8]
	at org.springframework.aop.framework.ReflectiveMethodInvocation.proceed(ReflectiveMethodInvocation.java:158) ~[spring-aop-7.0.8.jar:7.0.8]
	at org.springframework.aop.interceptor.AsyncExecutionInterceptor.lambda$invoke$0(AsyncExecutionInterceptor.java:112) ~[spring-aop-7.0.8.jar:7.0.8]
	at java.base/java.util.concurrent.FutureTask.run(FutureTask.java:328) ~[na:na]
	at java.base/java.util.concurrent.ThreadPoolExecutor.runWorker(ThreadPoolExecutor.java:1090) ~[na:na]
	at java.base/java.util.concurrent.ThreadPoolExecutor$Worker.run(ThreadPoolExecutor.java:614) ~[na:na]
	at java.base/java.lang.Thread.run(Thread.java:1474) ~[na:na]
Caused by: org.eclipse.angus.mail.util.MailConnectException: Couldn't connect to host, port: 127.0.0.1, 3025; timeout 5000;
  nested exception is:
	java.net.ConnectException: Connection refused: getsockopt
	at org.eclipse.angus.mail.smtp.SMTPTransport.openServer(SMTPTransport.java:2243) ~[angus-mail-2.0.5.jar:na]
	at org.eclipse.angus.mail.smtp.SMTPTransport.protocolConnect(SMTPTransport.java:729) ~[angus-mail-2.0.5.jar:na]
	at jakarta.mail.Service.connect(Service.java:345) ~[jakarta.mail-api-2.1.5.jar:na]
	at org.springframework.mail.javamail.JavaMailSenderImpl.connectTransport(JavaMailSenderImpl.java:467) ~[spring-context-support-7.0.8.jar:7.0.8]
	at org.springframework.mail.javamail.JavaMailSenderImpl.doSend(JavaMailSenderImpl.java:386) ~[spring-context-support-7.0.8.jar:7.0.8]
	... 14 common frames omitted
Caused by: java.net.ConnectException: Connection refused: getsockopt
	at java.base/sun.nio.ch.Net.pollConnect(Native Method) ~[na:na]
	at java.base/sun.nio.ch.Net.pollConnectNow(Net.java:639) ~[na:na]
	at java.base/sun.nio.ch.NioSocketImpl.timedFinishConnect(NioSocketImpl.java:543) ~[na:na]
	at java.base/sun.nio.ch.NioSocketImpl.connect(NioSocketImpl.java:594) ~[na:na]
	at java.base/java.net.SocksSocketImpl.connect(SocksSocketImpl.java:284) ~[na:na]
	at java.base/java.net.Socket.connect(Socket.java:659) ~[na:na]
	at org.eclipse.angus.mail.util.WriteTimeoutSocket.connect(WriteTimeoutSocket.java:118) ~[angus-mail-2.0.5.jar:na]
	at org.eclipse.angus.mail.util.SocketFetcher.createSocket(SocketFetcher.java:366) ~[angus-mail-2.0.5.jar:na]
	at org.eclipse.angus.mail.util.SocketFetcher.getSocket(SocketFetcher.java:243) ~[angus-mail-2.0.5.jar:na]
	at org.eclipse.angus.mail.smtp.SMTPTransport.openServer(SMTPTransport.java:2193) ~[angus-mail-2.0.5.jar:na]
	... 18 common frames omitted

2026-07-31T10:24:15.465+02:00 ERROR 15340 --- [stock-api] [   async-task-1] f.stockshop.stock_api.mail.EmailService  : ╔chec de l'envoi de l'email 'email/account-confirmation' Ó valid-c8b7bb15-75d5-45b4-bf29-c097f291df91@test.fr

org.springframework.mail.MailSendException: Mail server connection failed. Failed messages: org.eclipse.angus.mail.util.MailConnectException: Couldn't connect to host, port: 127.0.0.1, 3025; timeout 5000;
  nested exception is:
	java.net.ConnectException: Connection refused: getsockopt; message exceptions (1) are:
Failed message 1: org.eclipse.angus.mail.util.MailConnectException: Couldn't connect to host, port: 127.0.0.1, 3025; timeout 5000;
  nested exception is:
	java.net.ConnectException: Connection refused: getsockopt
	at org.springframework.mail.javamail.JavaMailSenderImpl.doSend(JavaMailSenderImpl.java:397) ~[spring-context-support-7.0.8.jar:7.0.8]
	at org.springframework.mail.javamail.JavaMailSenderImpl.send(JavaMailSenderImpl.java:337) ~[spring-context-support-7.0.8.jar:7.0.8]
	at org.springframework.mail.javamail.JavaMailSender.send(JavaMailSender.java:101) ~[spring-context-support-7.0.8.jar:7.0.8]
	at fr.stockshop.stock_api.mail.EmailService.send(EmailService.java:109) ~[classes/:na]
	at fr.stockshop.stock_api.mail.EmailService.sendAccountConfirmationEmail(EmailService.java:74) ~[classes/:na]
	at java.base/jdk.internal.reflect.DirectMethodHandleAccessor.invoke(DirectMethodHandleAccessor.java:104) ~[na:na]
	at java.base/java.lang.reflect.Method.invoke(Method.java:565) ~[na:na]
	at org.springframework.aop.support.AopUtils.invokeJoinpointUsingReflection(AopUtils.java:359) ~[spring-aop-7.0.8.jar:7.0.8]
	at org.springframework.aop.framework.ReflectiveMethodInvocation.invokeJoinpoint(ReflectiveMethodInvocation.java:190) ~[spring-aop-7.0.8.jar:7.0.8]
	at org.springframework.aop.framework.ReflectiveMethodInvocation.proceed(ReflectiveMethodInvocation.java:158) ~[spring-aop-7.0.8.jar:7.0.8]
	at org.springframework.aop.interceptor.AsyncExecutionInterceptor.lambda$invoke$0(AsyncExecutionInterceptor.java:112) ~[spring-aop-7.0.8.jar:7.0.8]
	at java.base/java.util.concurrent.FutureTask.run(FutureTask.java:328) ~[na:na]
	at java.base/java.util.concurrent.ThreadPoolExecutor.runWorker(ThreadPoolExecutor.java:1090) ~[na:na]
	at java.base/java.util.concurrent.ThreadPoolExecutor$Worker.run(ThreadPoolExecutor.java:614) ~[na:na]
	at java.base/java.lang.Thread.run(Thread.java:1474) ~[na:na]
Caused by: org.eclipse.angus.mail.util.MailConnectException: Couldn't connect to host, port: 127.0.0.1, 3025; timeout 5000;
  nested exception is:
	java.net.ConnectException: Connection refused: getsockopt
	at org.eclipse.angus.mail.smtp.SMTPTransport.openServer(SMTPTransport.java:2243) ~[angus-mail-2.0.5.jar:na]
	at org.eclipse.angus.mail.smtp.SMTPTransport.protocolConnect(SMTPTransport.java:729) ~[angus-mail-2.0.5.jar:na]
	at jakarta.mail.Service.connect(Service.java:345) ~[jakarta.mail-api-2.1.5.jar:na]
	at org.springframework.mail.javamail.JavaMailSenderImpl.connectTransport(JavaMailSenderImpl.java:467) ~[spring-context-support-7.0.8.jar:7.0.8]
	at org.springframework.mail.javamail.JavaMailSenderImpl.doSend(JavaMailSenderImpl.java:386) ~[spring-context-support-7.0.8.jar:7.0.8]
	... 14 common frames omitted
Caused by: java.net.ConnectException: Connection refused: getsockopt
	at java.base/sun.nio.ch.Net.pollConnect(Native Method) ~[na:na]
	at java.base/sun.nio.ch.Net.pollConnectNow(Net.java:639) ~[na:na]
	at java.base/sun.nio.ch.NioSocketImpl.timedFinishConnect(NioSocketImpl.java:543) ~[na:na]
	at java.base/sun.nio.ch.NioSocketImpl.connect(NioSocketImpl.java:594) ~[na:na]
	at java.base/java.net.SocksSocketImpl.connect(SocksSocketImpl.java:284) ~[na:na]
	at java.base/java.net.Socket.connect(Socket.java:659) ~[na:na]
	at org.eclipse.angus.mail.util.WriteTimeoutSocket.connect(WriteTimeoutSocket.java:118) ~[angus-mail-2.0.5.jar:na]
	at org.eclipse.angus.mail.util.SocketFetcher.createSocket(SocketFetcher.java:366) ~[angus-mail-2.0.5.jar:na]
	at org.eclipse.angus.mail.util.SocketFetcher.getSocket(SocketFetcher.java:243) ~[angus-mail-2.0.5.jar:na]
	at org.eclipse.angus.mail.smtp.SMTPTransport.openServer(SMTPTransport.java:2193) ~[angus-mail-2.0.5.jar:na]
	... 18 common frames omitted

2026-07-31T10:24:15.648+02:00 ERROR 15340 --- [stock-api] [   async-task-1] f.stockshop.stock_api.mail.EmailService  : ╔chec de l'envoi de l'email 'email/account-confirmation' Ó wrong-pwd-d24100cb-d507-45be-af24-a3dc2cf8bae4@test.fr

org.springframework.mail.MailSendException: Mail server connection failed. Failed messages: org.eclipse.angus.mail.util.MailConnectException: Couldn't connect to host, port: 127.0.0.1, 3025; timeout 5000;
  nested exception is:
	java.net.ConnectException: Connection refused: getsockopt; message exceptions (1) are:
Failed message 1: org.eclipse.angus.mail.util.MailConnectException: Couldn't connect to host, port: 127.0.0.1, 3025; timeout 5000;
  nested exception is:
	java.net.ConnectException: Connection refused: getsockopt
	at org.springframework.mail.javamail.JavaMailSenderImpl.doSend(JavaMailSenderImpl.java:397) ~[spring-context-support-7.0.8.jar:7.0.8]
	at org.springframework.mail.javamail.JavaMailSenderImpl.send(JavaMailSenderImpl.java:337) ~[spring-context-support-7.0.8.jar:7.0.8]
	at org.springframework.mail.javamail.JavaMailSender.send(JavaMailSender.java:101) ~[spring-context-support-7.0.8.jar:7.0.8]
	at fr.stockshop.stock_api.mail.EmailService.send(EmailService.java:109) ~[classes/:na]
	at fr.stockshop.stock_api.mail.EmailService.sendAccountConfirmationEmail(EmailService.java:74) ~[classes/:na]
	at java.base/jdk.internal.reflect.DirectMethodHandleAccessor.invoke(DirectMethodHandleAccessor.java:104) ~[na:na]
	at java.base/java.lang.reflect.Method.invoke(Method.java:565) ~[na:na]
	at org.springframework.aop.support.AopUtils.invokeJoinpointUsingReflection(AopUtils.java:359) ~[spring-aop-7.0.8.jar:7.0.8]
	at org.springframework.aop.framework.ReflectiveMethodInvocation.invokeJoinpoint(ReflectiveMethodInvocation.java:190) ~[spring-aop-7.0.8.jar:7.0.8]
	at org.springframework.aop.framework.ReflectiveMethodInvocation.proceed(ReflectiveMethodInvocation.java:158) ~[spring-aop-7.0.8.jar:7.0.8]
	at org.springframework.aop.interceptor.AsyncExecutionInterceptor.lambda$invoke$0(AsyncExecutionInterceptor.java:112) ~[spring-aop-7.0.8.jar:7.0.8]
	at java.base/java.util.concurrent.FutureTask.run(FutureTask.java:328) ~[na:na]
	at java.base/java.util.concurrent.ThreadPoolExecutor.runWorker(ThreadPoolExecutor.java:1090) ~[na:na]
	at java.base/java.util.concurrent.ThreadPoolExecutor$Worker.run(ThreadPoolExecutor.java:614) ~[na:na]
	at java.base/java.lang.Thread.run(Thread.java:1474) ~[na:na]
Caused by: org.eclipse.angus.mail.util.MailConnectException: Couldn't connect to host, port: 127.0.0.1, 3025; timeout 5000;
  nested exception is:
	java.net.ConnectException: Connection refused: getsockopt
	at org.eclipse.angus.mail.smtp.SMTPTransport.openServer(SMTPTransport.java:2243) ~[angus-mail-2.0.5.jar:na]
	at org.eclipse.angus.mail.smtp.SMTPTransport.protocolConnect(SMTPTransport.java:729) ~[angus-mail-2.0.5.jar:na]
	at jakarta.mail.Service.connect(Service.java:345) ~[jakarta.mail-api-2.1.5.jar:na]
	at org.springframework.mail.javamail.JavaMailSenderImpl.connectTransport(JavaMailSenderImpl.java:467) ~[spring-context-support-7.0.8.jar:7.0.8]
	at org.springframework.mail.javamail.JavaMailSenderImpl.doSend(JavaMailSenderImpl.java:386) ~[spring-context-support-7.0.8.jar:7.0.8]
	... 14 common frames omitted
Caused by: java.net.ConnectException: Connection refused: getsockopt
	at java.base/sun.nio.ch.Net.pollConnect(Native Method) ~[na:na]
	at java.base/sun.nio.ch.Net.pollConnectNow(Net.java:639) ~[na:na]
	at java.base/sun.nio.ch.NioSocketImpl.timedFinishConnect(NioSocketImpl.java:543) ~[na:na]
	at java.base/sun.nio.ch.NioSocketImpl.connect(NioSocketImpl.java:594) ~[na:na]
	at java.base/java.net.SocksSocketImpl.connect(SocksSocketImpl.java:284) ~[na:na]
	at java.base/java.net.Socket.connect(Socket.java:659) ~[na:na]
	at org.eclipse.angus.mail.util.WriteTimeoutSocket.connect(WriteTimeoutSocket.java:118) ~[angus-mail-2.0.5.jar:na]
	at org.eclipse.angus.mail.util.SocketFetcher.createSocket(SocketFetcher.java:366) ~[angus-mail-2.0.5.jar:na]
	at org.eclipse.angus.mail.util.SocketFetcher.getSocket(SocketFetcher.java:243) ~[angus-mail-2.0.5.jar:na]
	at org.eclipse.angus.mail.smtp.SMTPTransport.openServer(SMTPTransport.java:2193) ~[angus-mail-2.0.5.jar:na]
	... 18 common frames omitted

2026-07-31T10:24:15.826+02:00 ERROR 15340 --- [stock-api] [   async-task-1] f.stockshop.stock_api.mail.EmailService  : ╔chec de l'envoi de l'email 'email/account-confirmation' Ó no-remember-2d743156-e000-48c4-92d2-3c9df676ed32@test.fr

org.springframework.mail.MailSendException: Mail server connection failed. Failed messages: org.eclipse.angus.mail.util.MailConnectException: Couldn't connect to host, port: 127.0.0.1, 3025; timeout 5000;
  nested exception is:
	java.net.ConnectException: Connection refused: getsockopt; message exceptions (1) are:
Failed message 1: org.eclipse.angus.mail.util.MailConnectException: Couldn't connect to host, port: 127.0.0.1, 3025; timeout 5000;
  nested exception is:
	java.net.ConnectException: Connection refused: getsockopt
	at org.springframework.mail.javamail.JavaMailSenderImpl.doSend(JavaMailSenderImpl.java:397) ~[spring-context-support-7.0.8.jar:7.0.8]
	at org.springframework.mail.javamail.JavaMailSenderImpl.send(JavaMailSenderImpl.java:337) ~[spring-context-support-7.0.8.jar:7.0.8]
	at org.springframework.mail.javamail.JavaMailSender.send(JavaMailSender.java:101) ~[spring-context-support-7.0.8.jar:7.0.8]
	at fr.stockshop.stock_api.mail.EmailService.send(EmailService.java:109) ~[classes/:na]
	at fr.stockshop.stock_api.mail.EmailService.sendAccountConfirmationEmail(EmailService.java:74) ~[classes/:na]
	at java.base/jdk.internal.reflect.DirectMethodHandleAccessor.invoke(DirectMethodHandleAccessor.java:104) ~[na:na]
	at java.base/java.lang.reflect.Method.invoke(Method.java:565) ~[na:na]
	at org.springframework.aop.support.AopUtils.invokeJoinpointUsingReflection(AopUtils.java:359) ~[spring-aop-7.0.8.jar:7.0.8]
	at org.springframework.aop.framework.ReflectiveMethodInvocation.invokeJoinpoint(ReflectiveMethodInvocation.java:190) ~[spring-aop-7.0.8.jar:7.0.8]
	at org.springframework.aop.framework.ReflectiveMethodInvocation.proceed(ReflectiveMethodInvocation.java:158) ~[spring-aop-7.0.8.jar:7.0.8]
	at org.springframework.aop.interceptor.AsyncExecutionInterceptor.lambda$invoke$0(AsyncExecutionInterceptor.java:112) ~[spring-aop-7.0.8.jar:7.0.8]
	at java.base/java.util.concurrent.FutureTask.run(FutureTask.java:328) ~[na:na]
	at java.base/java.util.concurrent.ThreadPoolExecutor.runWorker(ThreadPoolExecutor.java:1090) ~[na:na]
	at java.base/java.util.concurrent.ThreadPoolExecutor$Worker.run(ThreadPoolExecutor.java:614) ~[na:na]
	at java.base/java.lang.Thread.run(Thread.java:1474) ~[na:na]
Caused by: org.eclipse.angus.mail.util.MailConnectException: Couldn't connect to host, port: 127.0.0.1, 3025; timeout 5000;
  nested exception is:
	java.net.ConnectException: Connection refused: getsockopt
	at org.eclipse.angus.mail.smtp.SMTPTransport.openServer(SMTPTransport.java:2243) ~[angus-mail-2.0.5.jar:na]
	at org.eclipse.angus.mail.smtp.SMTPTransport.protocolConnect(SMTPTransport.java:729) ~[angus-mail-2.0.5.jar:na]
	at jakarta.mail.Service.connect(Service.java:345) ~[jakarta.mail-api-2.1.5.jar:na]
	at org.springframework.mail.javamail.JavaMailSenderImpl.connectTransport(JavaMailSenderImpl.java:467) ~[spring-context-support-7.0.8.jar:7.0.8]
	at org.springframework.mail.javamail.JavaMailSenderImpl.doSend(JavaMailSenderImpl.java:386) ~[spring-context-support-7.0.8.jar:7.0.8]
	... 14 common frames omitted
Caused by: java.net.ConnectException: Connection refused: getsockopt
	at java.base/sun.nio.ch.Net.pollConnect(Native Method) ~[na:na]
	at java.base/sun.nio.ch.Net.pollConnectNow(Net.java:639) ~[na:na]
	at java.base/sun.nio.ch.NioSocketImpl.timedFinishConnect(NioSocketImpl.java:543) ~[na:na]
	at java.base/sun.nio.ch.NioSocketImpl.connect(NioSocketImpl.java:594) ~[na:na]
	at java.base/java.net.SocksSocketImpl.connect(SocksSocketImpl.java:284) ~[na:na]
	at java.base/java.net.Socket.connect(Socket.java:659) ~[na:na]
	at org.eclipse.angus.mail.util.WriteTimeoutSocket.connect(WriteTimeoutSocket.java:118) ~[angus-mail-2.0.5.jar:na]
	at org.eclipse.angus.mail.util.SocketFetcher.createSocket(SocketFetcher.java:366) ~[angus-mail-2.0.5.jar:na]
	at org.eclipse.angus.mail.util.SocketFetcher.getSocket(SocketFetcher.java:243) ~[angus-mail-2.0.5.jar:na]
	at org.eclipse.angus.mail.smtp.SMTPTransport.openServer(SMTPTransport.java:2193) ~[angus-mail-2.0.5.jar:na]
	... 18 common frames omitted

[INFO] Tests run: 6, Failures: 0, Errors: 0, Skipped: 0, Time elapsed: 1.065 s -- in fr.stockshop.stock_api.user.LoginIntegrationTest
[INFO] Running fr.stockshop.stock_api.user.RegistrationIntegrationTest
2026-07-31T10:24:18.774+02:00 ERROR 15340 --- [stock-api] [   async-task-2] f.stockshop.stock_api.mail.EmailService  : ╔chec de l'envoi de l'email 'email/account-confirmation' Ó resend-ok-51006b7e-edee-4e9b-9fa0-e98eff7f3e89@test.fr

org.springframework.mail.MailSendException: Mail server connection failed. Failed messages: jakarta.mail.MessagingException: Exception reading response;
  nested exception is:
	java.net.SocketException: Une connexion Útablie a ÚtÚ abandonnÚe par un logiciel de votre ordinateur h¶te; message exceptions (1) are:
Failed message 1: jakarta.mail.MessagingException: Exception reading response;
  nested exception is:
	java.net.SocketException: Une connexion Útablie a ÚtÚ abandonnÚe par un logiciel de votre ordinateur h¶te
	at org.springframework.mail.javamail.JavaMailSenderImpl.doSend(JavaMailSenderImpl.java:397) ~[spring-context-support-7.0.8.jar:7.0.8]
	at org.springframework.mail.javamail.JavaMailSenderImpl.send(JavaMailSenderImpl.java:337) ~[spring-context-support-7.0.8.jar:7.0.8]
	at org.springframework.mail.javamail.JavaMailSender.send(JavaMailSender.java:101) ~[spring-context-support-7.0.8.jar:7.0.8]
	at fr.stockshop.stock_api.mail.EmailService.send(EmailService.java:109) ~[classes/:na]
	at fr.stockshop.stock_api.mail.EmailService.sendAccountConfirmationEmail(EmailService.java:74) ~[classes/:na]
	at java.base/jdk.internal.reflect.DirectMethodHandleAccessor.invoke(DirectMethodHandleAccessor.java:104) ~[na:na]
	at java.base/java.lang.reflect.Method.invoke(Method.java:565) ~[na:na]
	at org.springframework.aop.support.AopUtils.invokeJoinpointUsingReflection(AopUtils.java:359) ~[spring-aop-7.0.8.jar:7.0.8]
	at org.springframework.aop.framework.ReflectiveMethodInvocation.invokeJoinpoint(ReflectiveMethodInvocation.java:190) ~[spring-aop-7.0.8.jar:7.0.8]
	at org.springframework.aop.framework.ReflectiveMethodInvocation.proceed(ReflectiveMethodInvocation.java:158) ~[spring-aop-7.0.8.jar:7.0.8]
	at org.springframework.aop.interceptor.AsyncExecutionInterceptor.lambda$invoke$0(AsyncExecutionInterceptor.java:112) ~[spring-aop-7.0.8.jar:7.0.8]
	at java.base/java.util.concurrent.FutureTask.run(FutureTask.java:328) ~[na:na]
	at java.base/java.util.concurrent.ThreadPoolExecutor.runWorker(ThreadPoolExecutor.java:1090) ~[na:na]
	at java.base/java.util.concurrent.ThreadPoolExecutor$Worker.run(ThreadPoolExecutor.java:614) ~[na:na]
	at java.base/java.lang.Thread.run(Thread.java:1474) ~[na:na]
Caused by: jakarta.mail.MessagingException: Exception reading response;
  nested exception is:
	java.net.SocketException: Une connexion Útablie a ÚtÚ abandonnÚe par un logiciel de votre ordinateur h¶te
	at org.eclipse.angus.mail.smtp.SMTPTransport.readServerResponse(SMTPTransport.java:2520) ~[angus-mail-2.0.5.jar:na]
	at org.eclipse.angus.mail.smtp.SMTPTransport.ehlo(SMTPTransport.java:1687) ~[angus-mail-2.0.5.jar:na]
	at org.eclipse.angus.mail.smtp.SMTPTransport.protocolConnect(SMTPTransport.java:733) ~[angus-mail-2.0.5.jar:na]
	at jakarta.mail.Service.connect(Service.java:345) ~[jakarta.mail-api-2.1.5.jar:na]
	at org.springframework.mail.javamail.JavaMailSenderImpl.connectTransport(JavaMailSenderImpl.java:467) ~[spring-context-support-7.0.8.jar:7.0.8]
	at org.springframework.mail.javamail.JavaMailSenderImpl.doSend(JavaMailSenderImpl.java:386) ~[spring-context-support-7.0.8.jar:7.0.8]
	... 14 common frames omitted
Caused by: java.net.SocketException: Une connexion Útablie a ÚtÚ abandonnÚe par un logiciel de votre ordinateur h¶te
	at java.base/sun.nio.ch.SocketDispatcher.read0(Native Method) ~[na:na]
	at java.base/sun.nio.ch.SocketDispatcher.read(SocketDispatcher.java:47) ~[na:na]
	at java.base/sun.nio.ch.NioSocketImpl.tryRead(NioSocketImpl.java:255) ~[na:na]
	at java.base/sun.nio.ch.NioSocketImpl.timedRead(NioSocketImpl.java:273) ~[na:na]
	at java.base/sun.nio.ch.NioSocketImpl.implRead(NioSocketImpl.java:302) ~[na:na]
	at java.base/sun.nio.ch.NioSocketImpl.read(NioSocketImpl.java:354) ~[na:na]
	at java.base/sun.nio.ch.NioSocketImpl$1.read(NioSocketImpl.java:798) ~[na:na]
	at java.base/java.net.Socket$SocketInputStream.implRead(Socket.java:974) ~[na:na]
	at java.base/java.net.Socket$SocketInputStream.read(Socket.java:964) ~[na:na]
	at org.eclipse.angus.mail.util.TraceInputStream.read(TraceInputStream.java:107) ~[angus-mail-2.0.5.jar:na]
	at java.base/java.io.BufferedInputStream.fill(BufferedInputStream.java:289) ~[na:na]
	at java.base/java.io.BufferedInputStream.read(BufferedInputStream.java:308) ~[na:na]
	at org.eclipse.angus.mail.util.LineInputStream.readLine(LineInputStream.java:104) ~[angus-mail-2.0.5.jar:na]
	at org.eclipse.angus.mail.smtp.SMTPTransport.readServerResponse(SMTPTransport.java:2500) ~[angus-mail-2.0.5.jar:na]
	... 19 common frames omitted


MockHttpServletRequest:
      HTTP Method = POST
      Request URI = /api/auth/register
       Parameters = {}
          Headers = [Content-Type:"application/json;charset=UTF-8", Content-Length:"131"]
             Body = {"firstName":"Alice","lastName":"Dupont","password":"Password123!","email":"register-28977817-b09d-46de-a4f7-cfb0e7ec839f@test.fr"}
    Session Attrs = {}

Handler:
             Type = fr.stockshop.stock_api.user.controller.AuthController
           Method = fr.stockshop.stock_api.user.controller.AuthController#register(RegisterRequest)

Async:
    Async started = false
     Async result = null

Resolved Exception:
             Type = null

ModelAndView:
        View name = null
             View = null
            Model = null

FlashMap:
       Attributes = null

MockHttpServletResponse:
           Status = 201
    Error message = null
          Headers = [Vary:"Origin", "Access-Control-Request-Method", "Access-Control-Request-Headers", Content-Type:"application/json", X-Content-Type-Options:"nosniff", X-XSS-Protection:"0", Cache-Control:"no-cache, no-store, max-age=0, must-revalidate", Pragma:"no-cache", Expires:"0", X-Frame-Options:"DENY"]
     Content type = application/json
             Body = {"id":"ee185f59-34c0-43e4-95d5-f9696df53590","email":"register-28977817-b09d-46de-a4f7-cfb0e7ec839f@test.fr","firstName":"Alice","lastName":"Dupont","role":"USER","preferredLocale":"fr"}
    Forwarded URL = null
   Redirected URL = null
          Cookies = []

MockHttpServletRequest:
      HTTP Method = POST
      Request URI = /api/auth/resend-confirmation
       Parameters = {}
          Headers = [Content-Type:"application/json;charset=UTF-8", Content-Length:"65"]
             Body = {"email":"register-28977817-b09d-46de-a4f7-cfb0e7ec839f@test.fr"}
    Session Attrs = {}

Handler:
             Type = fr.stockshop.stock_api.user.controller.AuthController
           Method = fr.stockshop.stock_api.user.controller.AuthController#resendConfirmation(ResendConfirmationRequest)

Async:
    Async started = false
     Async result = null

Resolved Exception:
             Type = null

ModelAndView:
        View name = null
             View = null
            Model = null

FlashMap:
       Attributes = null

MockHttpServletResponse:
           Status = 200
    Error message = null
          Headers = [Vary:"Origin", "Access-Control-Request-Method", "Access-Control-Request-Headers", X-Content-Type-Options:"nosniff", X-XSS-Protection:"0", Cache-Control:"no-cache, no-store, max-age=0, must-revalidate", Pragma:"no-cache", Expires:"0", X-Frame-Options:"DENY"]
     Content type = null
             Body = 
    Forwarded URL = null
   Redirected URL = null
          Cookies = []

MockHttpServletRequest:
      HTTP Method = POST
      Request URI = /api/auth/resend-confirmation
       Parameters = {}
          Headers = [Content-Type:"application/json;charset=UTF-8", Content-Length:"65"]
             Body = {"email":"register-28977817-b09d-46de-a4f7-cfb0e7ec839f@test.fr"}
    Session Attrs = {}

Handler:
             Type = fr.stockshop.stock_api.user.controller.AuthController
           Method = fr.stockshop.stock_api.user.controller.AuthController#resendConfirmation(ResendConfirmationRequest)

Async:
    Async started = false
     Async result = null

Resolved Exception:
             Type = null

ModelAndView:
        View name = null
             View = null
            Model = null

FlashMap:
       Attributes = null

MockHttpServletResponse:
           Status = 200
    Error message = null
          Headers = [Vary:"Origin", "Access-Control-Request-Method", "Access-Control-Request-Headers", X-Content-Type-Options:"nosniff", X-XSS-Protection:"0", Cache-Control:"no-cache, no-store, max-age=0, must-revalidate", Pragma:"no-cache", Expires:"0", X-Frame-Options:"DENY"]
     Content type = null
             Body = 
    Forwarded URL = null
   Redirected URL = null
          Cookies = []
[ERROR] Tests run: 4, Failures: 1, Errors: 0, Skipped: 0, Time elapsed: 45.40 s <<< FAILURE! -- in fr.stockshop.stock_api.user.RegistrationIntegrationTest
[ERROR] fr.stockshop.stock_api.user.RegistrationIntegrationTest.registeringWithValidDataCreatesInactiveAccountAndSendsConfirmationEmail -- Time elapsed: 45.21 s <<< FAILURE!
java.lang.AssertionError: 
[email de confirmation reþu avec un token correspondant au hash actuel] 
Expecting actual not to be null
	at fr.stockshop.stock_api.user.RegistrationIntegrationTest.registeringWithValidDataCreatesInactiveAccountAndSendsConfirmationEmail(RegistrationIntegrationTest.java:108)

[INFO] 
[INFO] Results:
[INFO] 
[ERROR] Failures: 
[ERROR]   RegistrationIntegrationTest.registeringWithValidDataCreatesInactiveAccountAndSendsConfirmationEmail:108 [email de confirmation reþu avec un token correspondant au hash actuel] 
Expecting actual not to be null
[INFO] 
[ERROR] Tests run: 45, Failures: 1, Errors: 0, Skipped: 0
[INFO] 
[INFO] ------------------------------------------------------------------------
[INFO] BUILD FAILURE
[INFO] ------------------------------------------------------------------------
[INFO] Total time:  02:15 min
[INFO] Finished at: 2026-07-31T10:25:10+02:00
[INFO] ------------------------------------------------------------------------
[ERROR] Failed to execute goal org.apache.maven.plugins:maven-surefire-plugin:3.5.6:test (default-test) on project stock-api: There are test failures.
[ERROR] 
[ERROR] See C:\Users\juill\Desktop\stock-api\target\surefire-reports for the individual test results.
[ERROR] See dump files (if any exist) [date].dump, [date]-jvmRun[N].dump and [date].dumpstream.
[ERROR] -> [Help 1]
[ERROR] 
[ERROR] To see the full stack trace of the errors, re-run Maven with the -e switch.
[ERROR] Re-run Maven using the -X switch to enable full debug logging.
[ERROR] 
[ERROR] For more information about the errors and possible solutions, please read the following articles:
[ERROR] [Help 1] http://cwiki.apache.org/confluence/display/MAVEN/MojoFailureException
